,issues_closed,issues_open,pulls_closed,pulls_open,forks,stargazers,subscribers,contributors,commits,total_commits,pypi_daily,pypi_180_cumulative,updated_on,clones,clones_unique,views,views_unique
2022-06-28,9,0,46,1,0,2,3,2,0,724,0,20,2022-07-11,12.0,1.0,0.0,0.0
2022-06-29,9,0,46,1,0,2,3,2,1,724,0,20,2022-07-11,15.0,1.0,12.0,2.0
2022-06-30,9,0,46,1,0,2,3,2,17,724,0,20,2022-07-11,31.0,1.0,69.0,2.0
2022-07-01,9,0,46,1,0,2,3,2,8,724,0,20,2022-07-11,32.0,1.0,16.0,1.0
2022-07-02,9,0,46,1,0,2,3,2,4,724,0,20,2022-07-11,14.0,1.0,0.0,0.0
2022-07-03,9,0,46,1,0,2,3,2,0,724,0,20,2022-07-11,0.0,0.0,0.0,0.0
2022-07-04,9,0,46,1,0,2,3,2,0,724,0,20,2022-07-11,0.0,0.0,0.0,0.0
2022-07-05,9,0,48,0,0,3,3,2,2,742,0,20,2022-07-18,2.0,1.0,0.0,0.0
2022-07-06,9,0,48,0,0,3,3,2,6,742,0,20,2022-07-18,25.0,1.0,51.0,2.0
2022-07-07,9,0,48,0,0,3,3,2,11,742,20,20,2022-07-18,87.0,12.0,95.0,8.0
2022-07-08,9,0,48,0,0,3,3,2,1,742,16,36,2022-07-18,8.0,4.0,48.0,6.0
2022-07-09,9,0,48,0,0,3,3,2,0,742,8,44,2022-07-18,0.0,0.0,1.0,1.0
2022-07-10,9,0,48,0,0,3,3,2,0,742,2,46,2022-07-18,0.0,0.0,0.0,0.0
2022-07-11,9,0,48,0,0,3,3,2,8,742,3,49,2022-07-18,5.0,2.0,9.0,3.0
2022-07-12,9,1,51,2,0,3,3,2,9,795,1,50,2022-07-25,33.0,4.0,49.0,7.0
2022-07-13,9,1,51,2,0,3,3,2,1,795,2,52,2022-07-25,12.0,3.0,24.0,4.0
2022-07-14,9,1,51,2,0,3,3,2,0,795,3,55,2022-07-25,2.0,1.0,16.0,2.0
2022-07-15,9,1,51,2,0,3,3,2,0,795,2,57,2022-07-25,5.0,3.0,13.0,4.0
2022-07-16,9,1,51,2,0,3,3,2,0,795,0,57,2022-07-25,3.0,2.0,0.0,0.0
2022-07-17,9,1,51,2,0,3,3,2,0,795,2,59,2022-07-25,3.0,2.0,2.0,2.0
2022-07-18,9,1,51,2,0,3,3,2,21,795,0,59,2022-07-25,28.0,2.0,7.0,6.0
2022-07-19,10,1,56,1,0,4,3,2,14,860,2,61,2022-08-01,58.0,3.0,58.0,12.0
2022-07-20,10,1,56,1,0,4,3,2,5,860,0,61,2022-08-01,20.0,2.0,47.0,4.0
2022-07-21,10,1,56,1,0,4,3,2,9,860,0,61,2022-08-01,33.0,4.0,53.0,9.0
2022-07-22,10,1,56,1,0,4,3,2,6,860,2,63,2022-08-01,52.0,4.0,139.0,5.0
2022-07-23,10,1,56,1,0,4,3,2,0,860,0,63,2022-08-01,0.0,0.0,0.0,0.0
2022-07-24,10,1,56,1,0,4,3,2,0,860,1,64,2022-08-01,0.0,0.0,3.0,1.0
2022-07-25,10,1,56,1,0,4,3,2,20,860,0,64,2022-08-01,41.0,3.0,56.0,3.0
2022-07-26,10,1,63,0,0,5,3,2,13,903,2,66,2022-08-08,54.0,7.0,41.0,8.0
2022-07-27,10,1,63,0,0,5,3,2,12,903,1,67,2022-08-08,67.0,3.0,54.0,8.0
2022-07-28,10,1,63,0,0,5,3,2,13,903,3,70,2022-08-08,65.0,3.0,41.0,6.0
2022-07-29,10,1,63,0,0,5,3,2,6,903,0,70,2022-08-08,29.0,4.0,54.0,5.0
2022-07-30,10,1,63,0,0,5,3,2,0,903,0,70,2022-08-08,2.0,2.0,0.0,0.0
2022-07-31,10,1,63,0,0,5,3,2,0,903,1,71,2022-08-08,0.0,0.0,0.0,0.0
2022-08-01,10,1,63,0,0,5,3,2,7,903,1,72,2022-08-08,33.0,3.0,53.0,9.0
2022-08-02,10,1,66,1,0,5,3,2,17,910,2,74,2022-08-15,46.0,3.0,29.0,5.0
2022-08-03,10,1,66,1,0,5,3,2,2,910,3,77,2022-08-15,16.0,5.0,16.0,3.0
2022-08-04,10,1,66,1,0,5,3,2,2,910,4,81,2022-08-15,4.0,3.0,4.0,3.0
2022-08-05,10,1,66,1,0,5,3,2,11,910,1,82,2022-08-15,60.0,2.0,49.0,6.0
2022-08-06,10,1,66,1,0,5,3,2,5,910,0,82,2022-08-15,20.0,4.0,12.0,1.0
2022-08-07,10,1,66,1,0,5,3,2,0,910,2,84,2022-08-15,0.0,0.0,0.0,0.0
2022-08-08,10,1,66,1,0,5,3,2,3,910,2,86,2022-08-15,22.0,3.0,21.0,2.0
2022-08-09,10,1,70,0,0,5,3,2,4,952,1,87,2022-08-22,22.0,4.0,41.0,2.0
2022-08-10,10,1,70,0,0,5,3,2,5,952,2,89,2022-08-22,13.0,2.0,35.0,8.0
2022-08-11,10,1,70,0,0,5,3,2,0,952,0,89,2022-08-22,0.0,0.0,0.0,0.0
2022-08-12,10,1,70,0,0,5,3,2,4,952,0,89,2022-08-22,26.0,2.0,9.0,7.0
2022-08-13,10,1,70,0,0,5,3,2,0,952,0,89,2022-08-22,2.0,2.0,4.0,1.0
2022-08-14,10,1,70,0,0,5,3,2,0,952,1,90,2022-08-22,1.0,1.0,7.0,1.0
2022-08-15,10,1,70,0,0,5,3,2,7,952,0,90,2022-08-22,55.0,5.0,72.0,4.0
2022-08-16,10,1,70,2,0,5,3,2,19,953,0,92,2022-08-29,23.0,4.0,35.0,5.0
2022-08-17,10,1,70,2,0,5,3,2,1,953,2,92,2022-08-29,7.0,3.0,12.0,5.0
2022-08-18,10,1,70,2,0,5,3,2,2,953,0,92,2022-08-29,5.0,1.0,8.0,3.0
2022-08-19,10,1,70,2,0,5,3,2,2,953,0,92,2022-08-29,12.0,2.0,12.0,2.0
2022-08-20,10,1,70,2,0,5,3,2,0,953,2,94,2022-08-29,1.0,1.0,1.0,1.0
2022-08-21,10,1,70,2,0,5,3,2,0,953,1,95,2022-08-29,0.0,0.0,0.0,0.0
2022-08-22,10,1,70,2,0,5,3,2,1,953,0,95,2022-08-29,7.0,3.0,1.0,1.0
2022-08-23,10,1,73,1,0,5,3,2,2,976,0,96,2022-09-05,2.0,1.0,5.0,1.0
2022-08-24,10,1,73,1,0,5,3,2,0,976,1,96,2022-09-05,1.0,1.0,1.0,1.0
2022-08-25,10,1,73,1,0,5,3,2,1,976,0,96,2022-09-05,13.0,3.0,8.0,3.0
2022-08-26,10,1,73,1,0,5,3,2,1,976,1,97,2022-09-05,9.0,1.0,5.0,4.0
2022-08-27,10,1,73,1,0,5,3,2,1,976,0,97,2022-09-05,5.0,1.0,1.0,1.0
2022-08-28,10,1,73,1,0,5,3,2,0,976,0,97,2022-09-05,0.0,0.0,3.0,3.0
2022-08-29,10,1,73,1,0,5,3,2,6,976,1,98,2022-09-05,27.0,3.0,82.0,8.0
2022-08-30,11,0,75,1,0,5,3,2,7,997,3,101,2022-09-12,35.0,6.0,46.0,8.0
2022-08-31,11,0,75,1,0,5,3,2,4,997,0,101,2022-09-12,25.0,4.0,54.0,8.0
2022-09-01,11,0,75,1,0,5,3,2,3,997,1,102,2022-09-12,6.0,1.0,23.0,4.0
2022-09-02,11,0,75,1,0,5,3,2,0,997,0,102,2022-09-12,16.0,1.0,4.0,3.0
2022-09-03,11,0,75,1,0,5,3,2,0,997,0,102,2022-09-12,0.0,0.0,2.0,2.0
2022-09-04,11,0,75,1,0,5,3,2,0,997,0,102,2022-09-12,0.0,0.0,2.0,1.0
2022-09-05,11,0,75,1,0,5,3,2,0,997,1,103,2022-09-12,0.0,0.0,5.0,2.0
2022-09-06,12,0,80,1,0,5,3,2,0,1093,0,105,2022-09-19,16.0,1.0,2.0,2.0
2022-09-07,12,0,80,1,0,5,3,2,1,1093,0,105,2022-09-19,41.0,2.0,22.0,2.0
2022-09-08,12,0,80,1,0,5,3,2,5,1093,2,105,2022-09-19,50.0,3.0,27.0,5.0
2022-09-09,12,0,80,1,0,5,3,2,32,1093,0,105,2022-09-19,51.0,3.0,27.0,8.0
2022-09-10,12,0,80,1,0,5,3,2,6,1093,1,106,2022-09-19,34.0,2.0,5.0,2.0
2022-09-11,12,0,80,1,0,5,3,2,8,1093,0,106,2022-09-19,1281.0,3.0,4.0,2.0
2022-09-12,12,0,80,1,0,5,3,2,5,1093,2,108,2022-09-19,31.0,2.0,63.0,8.0
2022-09-13,12,0,82,0,0,6,3,2,14,1128,43,151,2022-09-26,58.0,5.0,80.0,11.0
2022-09-14,12,0,82,0,0,6,3,2,11,1128,12,163,2022-09-26,49.0,3.0,62.0,8.0
2022-09-15,12,0,82,0,0,6,3,2,29,1128,39,202,2022-09-26,54.0,5.0,18.0,3.0
2022-09-16,12,0,82,0,0,6,3,2,5,1128,18,220,2022-09-26,29.0,3.0,26.0,4.0
2022-09-17,12,0,82,0,0,6,3,2,0,1128,5,225,2022-09-26,2.0,2.0,6.0,1.0
2022-09-18,12,0,82,0,0,6,3,2,0,1128,0,225,2022-09-26,2.0,2.0,3.0,1.0
2022-09-19,12,0,82,0,0,6,3,2,1,1128,1,226,2022-09-26,5.0,2.0,18.0,4.0
2022-09-20,12,0,82,1,0,6,3,2,11,1128,2,228,2022-10-03,24.0,1.0,25.0,4.0
2022-09-21,12,0,82,1,0,6,3,2,5,1128,0,228,2022-10-03,29.0,3.0,8.0,4.0
2022-09-22,12,0,82,1,0,6,3,2,3,1128,4,232,2022-10-03,22.0,2.0,18.0,10.0
2022-09-23,12,0,82,1,0,6,3,2,1,1128,4,236,2022-10-03,16.0,3.0,35.0,9.0
2022-09-24,12,0,82,1,0,6,3,2,2,1128,0,236,2022-10-03,13.0,3.0,2.0,2.0
2022-09-25,12,0,82,1,0,6,3,2,10,1128,3,239,2022-10-03,44.0,3.0,3.0,2.0
2022-09-26,12,0,82,1,0,6,3,2,0,1128,3,242,2022-10-03,1.0,1.0,2.0,2.0
2022-09-27,12,0,86,0,0,6,3,2,0,1188,3,245,2022-10-10,3.0,1.0,6.0,4.0
2022-09-28,12,0,86,0,0,6,3,2,1,1188,1,246,2022-10-10,5.0,2.0,3.0,3.0
2022-09-29,12,0,86,0,0,6,3,2,0,1188,0,246,2022-10-10,2.0,1.0,5.0,3.0
2022-09-30,12,0,86,0,0,6,3,2,2,1188,0,246,2022-10-10,8.0,1.0,4.0,4.0
2022-10-01,12,0,86,0,0,6,3,2,3,1188,1,247,2022-10-10,16.0,2.0,3.0,3.0
2022-10-02,12,0,86,0,0,6,3,2,0,1188,0,247,2022-10-10,3.0,2.0,2.0,2.0
2022-10-03,12,0,86,0,0,6,3,2,6,1188,10,257,2022-10-10,38.0,2.0,47.0,11.0
2022-10-04,12,0,89,0,0,7,3,2,33,1212,0,258,2022-10-17,39.0,3.0,56.0,8.0
2022-10-05,12,0,89,0,0,7,3,2,11,1212,1,258,2022-10-17,63.0,4.0,28.0,6.0
2022-10-06,12,0,89,0,0,7,3,2,1,1212,37,295,2022-10-17,12.0,5.0,17.0,4.0
2022-10-07,12,0,89,0,0,7,3,2,4,1212,23,318,2022-10-17,11.0,3.0,7.0,6.0
2022-10-08,12,0,89,0,0,7,3,2,0,1212,2,320,2022-10-17,2.0,1.0,0.0,0.0
2022-10-09,12,0,89,0,0,7,3,2,0,1212,6,326,2022-10-17,1.0,1.0,7.0,4.0
2022-10-10,12,0,89,0,0,7,3,2,1,1212,0,326,2022-10-17,2.0,1.0,4.0,4.0
2022-10-11,12,0,93,0,0,8,3,2,3,1244,1,327,2022-10-24,21.0,3.0,26.0,4.0
2022-10-12,12,0,93,0,0,8,3,2,15,1244,2,329,2022-10-24,47.0,5.0,115.0,11.0
2022-10-13,12,0,93,0,0,8,3,2,6,1244,4,333,2022-10-24,18.0,5.0,32.0,6.0
2022-10-14,12,0,93,0,0,8,3,2,2,1244,1,334,2022-10-24,11.0,5.0,18.0,3.0
2022-10-15,12,0,93,0,0,8,3,2,0,1244,2,336,2022-10-24,8.0,1.0,11.0,5.0
2022-10-16,12,0,93,0,0,8,3,2,0,1244,0,336,2022-10-24,0.0,0.0,1.0,1.0
2022-10-17,12,0,93,0,0,8,3,2,4,1244,3,339,2022-10-24,24.0,2.0,7.0,4.0
2022-10-18,12,0,94,0,0,8,3,2,8,1259,0,343,2022-10-31,12.0,3.0,68.0,11.0
2022-10-19,12,0,94,0,0,8,3,2,12,1259,0,343,2022-10-31,53.0,4.0,93.0,13.0
2022-10-20,12,0,94,0,0,8,3,2,2,1259,4,343,2022-10-31,17.0,5.0,71.0,7.0
2022-10-21,12,0,94,0,0,8,3,2,0,1259,0,343,2022-10-31,1.0,1.0,5.0,4.0
2022-10-22,12,0,94,0,0,8,3,2,0,1259,2,345,2022-10-31,1.0,1.0,1.0,1.0
2022-10-23,12,0,94,0,0,8,3,2,0,1259,2,347,2022-10-31,3.0,2.0,2.0,2.0
2022-10-24,12,0,94,0,0,8,3,2,11,1259,32,379,2022-10-31,23.0,6.0,31.0,5.0
2022-10-25,12,0,95,0,0,9,3,2,4,1278,25,404,2022-11-07,26.0,6.0,17.0,8.0
2022-10-26,12,0,95,0,0,9,3,2,5,1278,10,414,2022-11-07,7.0,3.0,30.0,9.0
2022-10-27,12,0,95,0,0,9,3,2,0,1278,7,421,2022-11-07,0.0,0.0,30.0,5.0
2022-10-28,12,0,95,0,0,9,3,2,1,1278,4,425,2022-11-07,2.0,2.0,54.0,6.0
2022-10-29,12,0,95,0,0,9,3,2,3,1278,0,425,2022-11-07,5.0,3.0,3.0,3.0
2022-10-30,12,0,95,0,0,9,3,2,1,1278,1,426,2022-11-07,1.0,1.0,1.0,1.0
2022-10-31,12,0,95,0,0,9,3,2,7,1278,3,429,2022-11-07,28.0,4.0,35.0,12.0
2022-11-01,12,0,96,1,1,10,3,2,2,1300,1,430,2022-11-14,19.0,2.0,25.0,8.0
2022-11-02,12,0,96,1,1,10,3,2,4,1300,0,430,2022-11-14,8.0,4.0,3.0,3.0
2022-11-03,12,0,96,1,1,10,3,2,0,1300,6,436,2022-11-14,1.0,1.0,6.0,6.0
2022-11-04,12,0,96,1,1,10,3,2,2,1300,0,436,2022-11-14,6.0,2.0,11.0,4.0
2022-11-05,12,0,96,1,1,10,3,2,4,1300,0,436,2022-11-14,5.0,2.0,1.0,1.0
2022-11-06,12,0,96,1,1,10,3,2,2,1300,0,436,2022-11-14,4.0,3.0,1.0,1.0
2022-11-07,12,0,96,1,1,10,3,2,2,1300,0,436,2022-11-14,16.0,3.0,45.0,5.0
2022-11-08,12,0,106,0,0,10,4,3,1,1345,1,437,2022-11-21,5.0,1.0,14.0,2.0
2022-11-09,12,0,106,0,0,10,4,3,1,1345,0,437,2022-11-21,9.0,5.0,22.0,5.0
2022-11-10,12,0,106,0,0,10,4,3,0,1345,0,437,2022-11-21,3.0,1.0,8.0,1.0
2022-11-11,12,0,106,0,0,10,4,3,5,1345,1,438,2022-11-21,23.0,1.0,49.0,9.0
2022-11-12,12,0,106,0,0,10,4,3,1,1345,1,439,2022-11-21,16.0,5.0,5.0,2.0
2022-11-13,12,0,106,0,0,10,4,3,0,1345,0,439,2022-11-21,4.0,1.0,4.0,3.0
2022-11-14,12,0,106,0,0,10,4,3,13,1345,0,439,2022-11-21,37.0,5.0,96.0,5.0
2022-11-15,13,1,109,1,0,10,4,3,5,1360,1,440,2022-11-28,38.0,8.0,157.0,9.0
2022-11-16,13,1,109,1,0,10,4,3,5,1360,28,468,2022-11-28,48.0,8.0,86.0,7.0
2022-11-17,13,1,109,1,0,10,4,3,6,1360,18,486,2022-11-28,28.0,4.0,96.0,9.0
2022-11-18,13,1,109,1,0,10,4,3,10,1360,6,492,2022-11-28,51.0,6.0,249.0,9.0
2022-11-19,13,1,109,1,0,10,4,3,4,1360,2,494,2022-11-28,26.0,6.0,29.0,3.0
2022-11-20,13,1,109,1,0,10,4,3,0,1360,2,496,2022-11-28,0.0,0.0,8.0,3.0
2022-11-21,13,1,109,1,0,10,4,3,4,1360,4,500,2022-11-28,39.0,4.0,88.0,12.0
2022-11-22,13,1,111,0,0,10,4,3,6,1374,0,504,2022-12-05,54.0,6.0,95.0,12.0
2022-11-23,13,1,111,0,0,10,4,3,15,1374,4,504,2022-12-05,43.0,8.0,81.0,6.0
2022-11-24,13,1,111,0,0,10,4,3,0,1374,3,507,2022-12-05,2.0,2.0,3.0,3.0
2022-11-25,13,1,111,0,0,10,4,3,1,1374,8,515,2022-12-05,6.0,2.0,8.0,3.0
2022-11-26,13,1,111,0,0,10,4,3,0,1374,3,518,2022-12-05,0.0,0.0,4.0,2.0
2022-11-27,13,1,111,0,0,10,4,3,0,1374,1,519,2022-12-05,0.0,0.0,1.0,1.0
2022-11-28,13,1,111,0,0,10,4,3,3,1374,0,519,2022-12-05,24.0,4.0,45.0,9.0
2022-11-29,13,1,111,0,0,10,4,3,0,1374,4,523,2022-12-12,3.0,1.0,14.0,4.0
2022-11-30,13,1,111,0,0,10,4,3,0,1374,2,525,2022-12-12,3.0,2.0,13.0,5.0
2022-12-01,13,1,111,0,0,10,4,3,0,1374,3,528,2022-12-12,0.0,0.0,18.0,5.0
2022-12-02,13,1,111,0,0,10,4,3,0,1374,1,529,2022-12-12,11.0,4.0,45.0,2.0
2022-12-03,13,1,111,0,0,10,4,3,0,1374,0,529,2022-12-12,0.0,0.0,6.0,1.0
2022-12-04,13,1,111,0,0,10,4,3,0,1374,0,529,2022-12-12,0.0,0.0,1.0,1.0
2022-12-05,13,1,111,0,0,10,4,3,0,1374,1,530,2022-12-12,1.0,1.0,12.0,2.0
2022-12-06,13,1,112,0,0,10,4,3,2,1494,0,532,2022-12-19,5.0,3.0,11.0,2.0
2022-12-07,13,1,112,0,0,10,4,3,3,1494,0,532,2022-12-19,7.0,3.0,6.0,4.0
2022-12-08,13,1,112,0,0,10,4,3,7,1494,2,532,2022-12-19,8.0,3.0,14.0,2.0
2022-12-09,13,1,112,0,0,10,4,3,1,1494,3,535,2022-12-19,1.0,1.0,15.0,2.0
2022-12-10,13,1,112,0,0,10,4,3,0,1494,0,535,2022-12-19,1.0,1.0,0.0,0.0
2022-12-11,13,1,112,0,0,10,4,3,0,1494,0,535,2022-12-19,0.0,0.0,3.0,2.0
2022-12-12,13,1,112,0,0,10,4,3,5,1494,0,535,2022-12-19,39.0,5.0,186.0,6.0
2022-12-13,14,0,119,0,0,10,4,3,1,1566,0,547,2022-12-26,12.0,3.0,62.0,5.0
2022-12-14,14,0,119,0,0,10,4,3,8,1566,0,547,2022-12-26,42.0,8.0,78.0,4.0
2022-12-15,14,0,119,0,0,10,4,3,5,1566,0,547,2022-12-26,33.0,4.0,127.0,8.0
2022-12-16,14,0,119,0,0,10,4,3,12,1566,12,547,2022-12-26,28.0,5.0,137.0,9.0
2022-12-17,14,0,119,0,0,10,4,3,0,1566,3,550,2022-12-26,0.0,0.0,21.0,2.0
2022-12-18,14,0,119,0,0,10,4,3,0,1566,0,550,2022-12-26,0.0,0.0,3.0,2.0
2022-12-19,14,0,119,0,0,10,4,3,0,1566,1,551,2022-12-26,1.0,1.0,18.0,2.0
2022-12-20,14,0,121,0,0,10,4,3,3,1579,4,555,2023-01-02,12.0,4.0,43.0,5.0
2022-12-21,14,0,121,0,0,10,4,3,17,1579,41,596,2023-01-02,99.0,9.0,101.0,7.0
2022-12-22,14,0,121,0,0,10,4,3,2,1579,30,626,2023-01-02,28.0,3.0,46.0,10.0
2022-12-23,14,0,121,0,0,10,4,3,36,1579,4,630,2023-01-02,121.0,5.0,70.0,6.0
2022-12-24,14,0,121,0,0,10,4,3,3,1579,2,632,2023-01-02,24.0,6.0,1.0,1.0
2022-12-25,14,0,121,0,0,10,4,3,1,1579,1,633,2023-01-02,10.0,5.0,2.0,1.0
2022-12-26,14,0,121,0,0,10,4,3,0,1579,2,635,2023-01-02,0.0,0.0,2.0,2.0
2022-12-27,14,0,122,1,0,11,4,3,11,1581,49,635,2023-01-09,38.0,5.0,42.0,1.0
2022-12-28,14,0,122,1,0,11,4,3,2,1581,8,643,2023-01-09,13.0,3.0,27.0,6.0
2022-12-29,14,0,122,1,0,11,4,3,0,1581,3,646,2023-01-09,2.0,1.0,29.0,4.0
2022-12-30,14,0,122,1,0,11,4,3,0,1581,3,649,2023-01-09,1.0,1.0,47.0,2.0
2022-12-31,14,0,122,1,0,11,4,3,0,1581,0,649,2023-01-09,0.0,0.0,2.0,1.0
2023-01-01,14,0,122,1,0,11,4,3,0,1581,3,652,2023-01-09,1.0,1.0,1.0,1.0
2023-01-02,14,0,122,1,0,11,4,3,0,1581,8,660,2023-01-09,1.0,1.0,2.0,2.0
2023-01-03,14,0,127,0,1,11,4,3,0,1632,0,654,2023-01-16,2.0,1.0,18.0,6.0
2023-01-04,14,0,127,0,1,11,4,3,4,1632,0,654,2023-01-16,7.0,4.0,3.0,2.0
2023-01-05,14,0,127,0,1,11,4,3,2,1632,0,654,2023-01-16,6.0,1.0,31.0,4.0
2023-01-06,14,0,127,0,1,11,4,3,5,1632,4,654,2023-01-16,20.0,3.0,8.0,4.0
2023-01-07,14,0,127,0,1,11,4,3,6,1632,0,654,2023-01-16,33.0,2.0,3.0,2.0
2023-01-08,14,0,127,0,1,11,4,3,4,1632,1,655,2023-01-16,28.0,3.0,19.0,2.0
2023-01-09,14,0,127,0,1,11,4,3,20,1632,3,658,2023-01-16,42.0,5.0,112.0,26.0
2023-01-10,14,0,128,0,1,12,4,3,4,1645,4,657,2023-01-23,22.0,3.0,132.0,13.0
2023-01-11,14,0,128,0,1,12,4,3,7,1645,71,728,2023-01-23,36.0,7.0,105.0,8.0
2023-01-12,14,0,128,0,1,12,4,3,2,1645,18,746,2023-01-23,7.0,4.0,15.0,5.0
2023-01-13,14,0,128,0,1,12,4,3,2,1645,6,752,2023-01-23,5.0,3.0,12.0,4.0
2023-01-14,14,0,128,0,1,12,4,3,0,1645,9,761,2023-01-23,0.0,0.0,0.0,0.0
2023-01-15,14,0,128,0,1,12,4,3,0,1645,0,761,2023-01-23,1.0,1.0,5.0,4.0
2023-01-16,14,0,128,0,1,12,4,3,1,1645,0,761,2023-01-23,2.0,2.0,6.0,3.0
2023-01-17,14,0,128,0,1,12,4,3,0,1645,3,756,2023-01-30,3.0,3.0,10.0,2.0
2023-01-18,14,0,128,0,1,12,4,3,0,1645,0,756,2023-01-30,0.0,0.0,10.0,3.0
2023-01-19,14,0,128,0,1,12,4,3,7,1645,0,756,2023-01-30,19.0,1.0,32.0,3.0
2023-01-20,14,0,128,0,1,12,4,3,1,1645,45,801,2023-01-30,9.0,3.0,11.0,1.0
2023-01-21,14,0,128,0,1,12,4,3,0,1645,17,818,2023-01-30,0.0,0.0,8.0,1.0
2023-01-22,14,0,128,0,1,12,4,3,0,1645,1,819,2023-01-30,0.0,0.0,3.0,1.0
2023-01-23,14,0,128,0,1,12,4,3,0,1645,5,824,2023-01-30,1.0,1.0,18.0,4.0
2023-01-24,14,0,128,0,1,12,4,3,0,1645,0,813,2023-02-06,2.0,2.0,18.0,6.0
2023-01-25,14,0,128,0,1,12,4,3,0,1645,3,813,2023-02-06,0.0,0.0,3.0,2.0
2023-01-26,14,0,128,0,1,12,4,3,0,1645,9,822,2023-02-06,1.0,1.0,8.0,7.0
2023-01-27,14,0,128,0,1,12,4,3,0,1645,5,827,2023-02-06,0.0,0.0,8.0,3.0
2023-01-28,14,0,128,0,1,12,4,3,0,1645,5,832,2023-02-06,0.0,0.0,1.0,1.0
2023-01-29,14,0,128,0,1,12,4,3,0,1645,0,832,2023-02-06,1.0,1.0,25.0,3.0
2023-01-30,14,0,128,0,1,12,4,3,0,1645,11,843,2023-02-06,0.0,0.0,7.0,7.0
2023-01-31,14,0,128,0,1,12,4,3,0,1645,5,844,2023-02-13,0.0,0.0,7.0,4.0
2023-02-01,14,0,128,0,1,12,4,3,0,1645,1,845,2023-02-13,1.0,1.0,1.0,1.0
2023-02-02,14,0,128,0,1,12,4,3,0,1645,0,845,2023-02-13,1.0,1.0,2.0,1.0
2023-02-03,14,0,128,0,1,12,4,3,0,1645,0,845,2023-02-13,0.0,0.0,3.0,3.0
2023-02-04,14,0,128,0,1,12,4,3,0,1645,6,851,2023-02-13,0.0,0.0,0.0,0.0
2023-02-05,14,0,128,0,1,12,4,3,0,1645,0,851,2023-02-13,0.0,0.0,1.0,1.0
2023-02-06,14,0,128,0,1,12,4,3,0,1645,1,852,2023-02-13,0.0,0.0,11.0,5.0
2023-02-07,14,0,128,0,1,12,4,3,0,1645,5,852,2023-02-20,0.0,0.0,4.0,2.0
2023-02-08,14,0,128,0,1,12,4,3,0,1645,0,852,2023-02-20,0.0,0.0,8.0,3.0
2023-02-09,14,0,128,0,1,12,4,3,0,1645,2,854,2023-02-20,1.0,1.0,31.0,4.0
2023-02-10,14,0,128,0,1,12,4,3,0,1645,0,854,2023-02-20,0.0,0.0,13.0,6.0
2023-02-11,14,0,128,0,1,12,4,3,0,1645,2,856,2023-02-20,1.0,1.0,1.0,1.0
2023-02-12,14,0,128,0,1,12,4,3,0,1645,2,858,2023-02-20,0.0,0.0,1.0,1.0
2023-02-13,14,0,128,0,1,12,4,3,0,1645,3,861,2023-02-20,2.0,1.0,1.0,1.0
2023-02-14,14,0,128,0,1,12,4,3,0,1645,3,861,2023-02-27,0.0,0.0,4.0,4.0
2023-02-15,14,0,128,0,1,12,4,3,0,1645,5,866,2023-02-27,1.0,1.0,3.0,2.0
2023-02-16,14,0,128,0,1,12,4,3,0,1645,0,866,2023-02-27,0.0,0.0,0.0,0.0
2023-02-17,14,0,128,0,1,12,4,3,0,1645,1,867,2023-02-27,0.0,0.0,6.0,4.0
2023-02-18,14,0,128,0,1,12,4,3,0,1645,0,867,2023-02-27,2.0,1.0,1.0,1.0
2023-02-19,14,0,128,0,1,12,4,3,0,1645,5,872,2023-02-27,1.0,1.0,0.0,0.0
2023-02-20,14,0,128,0,1,12,4,3,0,1645,20,892,2023-02-27,0.0,0.0,1.0,1.0
2023-02-21,14,0,128,0,1,11,4,3,0,1645,0,892,2023-03-06,0.0,0.0,5.0,3.0
2023-02-22,14,0,128,0,1,11,4,3,0,1645,0,892,2023-03-06,0.0,0.0,16.0,4.0
2023-02-23,14,0,128,0,1,11,4,3,0,1645,5,892,2023-03-06,0.0,0.0,47.0,6.0
2023-02-24,14,0,128,0,1,11,4,3,0,1645,1,893,2023-03-06,2.0,2.0,4.0,4.0
2023-02-25,14,0,128,0,1,11,4,3,0,1645,4,897,2023-03-06,0.0,0.0,27.0,1.0
2023-02-26,14,0,128,0,1,11,4,3,0,1645,1,898,2023-03-06,2.0,2.0,11.0,1.0
2023-02-27,14,0,128,0,1,11,4,3,0,1645,3,901,2023-03-06,1.0,1.0,25.0,3.0
2023-02-28,14,0,128,1,1,12,6,3,0,1645,38,934,2023-03-13,0.0,0.0,17.0,1.0
2023-03-01,14,0,128,1,1,12,6,3,0,1645,2,936,2023-03-13,1.0,1.0,9.0,1.0
2023-03-02,14,0,128,1,1,12,6,3,0,1645,0,936,2023-03-13,3.0,2.0,17.0,6.0
2023-03-03,14,0,128,1,1,12,6,3,0,1645,0,936,2023-03-13,0.0,0.0,2.0,2.0
2023-03-04,14,0,128,1,1,12,6,3,0,1645,0,936,2023-03-13,1.0,1.0,11.0,1.0
2023-03-05,14,0,128,1,1,12,6,3,0,1645,1,937,2023-03-13,0.0,0.0,4.0,3.0
2023-03-06,14,0,128,1,1,12,6,3,0,1645,0,937,2023-03-13,0.0,0.0,5.0,3.0
2023-03-07,14,0,128,1,1,12,6,3,0,1645,1,820,2023-03-20,1.0,1.0,38.0,5.0
2023-03-08,14,0,128,1,1,12,6,3,0,1645,0,820,2023-03-20,0.0,0.0,4.0,3.0
2023-03-09,14,0,128,1,1,12,6,3,0,1645,11,831,2023-03-20,3.0,2.0,5.0,4.0
2023-03-10,14,0,128,1,1,12,6,3,0,1645,0,831,2023-03-20,9.0,5.0,45.0,7.0
2023-03-11,14,0,128,1,1,12,6,3,0,1645,0,831,2023-03-20,0.0,0.0,14.0,5.0
2023-03-12,14,0,128,1,1,12,6,3,0,1645,1,832,2023-03-20,0.0,0.0,6.0,5.0
2023-03-13,14,0,128,1,1,12,6,3,0,1645,8,840,2023-03-20,1.0,1.0,20.0,2.0
2023-03-14,14,0,129,1,2,12,7,3,0,1647,13,837,2023-03-27,0.0,0.0,1.0,1.0
2023-03-15,14,0,129,1,2,12,7,3,0,1647,0,837,2023-03-27,0.0,0.0,4.0,3.0
2023-03-16,14,0,129,1,2,12,7,3,0,1647,0,837,2023-03-27,0.0,0.0,1.0,1.0
2023-03-17,14,0,129,1,2,12,7,3,0,1647,0,837,2023-03-27,2.0,2.0,7.0,5.0
2023-03-18,14,0,129,1,2,12,7,3,0,1647,9,846,2023-03-27,0.0,0.0,1.0,1.0
2023-03-19,14,0,129,1,2,12,7,3,0,1647,0,846,2023-03-27,0.0,0.0,13.0,3.0
2023-03-20,14,0,129,1,2,12,7,3,1,1647,0,846,2023-03-27,8.0,4.0,30.0,4.0
2023-03-21,14,0,130,1,2,12,7,3,0,1652,0,833,2023-04-03,6.0,4.0,24.0,6.0
2023-03-22,14,0,130,1,2,12,7,3,3,1652,0,833,2023-04-03,11.0,5.0,11.0,3.0
2023-03-23,14,0,130,1,2,12,7,3,0,1652,2,833,2023-04-03,18.0,3.0,34.0,4.0
2023-03-24,14,0,130,1,2,12,7,3,0,1652,0,833,2023-04-03,0.0,0.0,2.0,2.0
2023-03-25,14,0,130,1,2,12,7,3,0,1652,1,834,2023-04-03,0.0,0.0,4.0,1.0
2023-03-26,14,0,130,1,2,12,7,3,0,1652,1,835,2023-04-03,0.0,0.0,0.0,0.0
2023-03-27,14,0,130,1,2,12,7,3,0,1652,0,835,2023-04-03,7.0,3.0,42.0,5.0
2023-03-28,14,0,131,1,2,13,7,3,0,1663,0,767,2023-04-10,3.0,2.0,21.0,5.0
2023-03-29,14,0,131,1,2,13,7,3,0,1663,0,767,2023-04-10,0.0,0.0,12.0,8.0
2023-03-30,14,0,131,1,2,13,7,3,0,1663,0,767,2023-04-10,5.0,3.0,3.0,3.0
2023-03-31,14,0,131,1,2,13,7,3,2,1663,0,767,2023-04-10,26.0,3.0,15.0,7.0
2023-04-01,14,0,131,1,2,13,7,3,0,1663,0,767,2023-04-10,1.0,1.0,4.0,2.0
2023-04-02,14,0,131,1,2,13,7,3,0,1663,1,767,2023-04-10,1.0,1.0,1.0,1.0
2023-04-03,14,0,131,1,2,13,7,3,0,1663,0,767,2023-04-10,1.0,1.0,5.0,4.0
2023-04-04,14,0,133,0,2,13,7,3,0,1691,0,755,2023-04-17,3.0,3.0,3.0,2.0
2023-04-05,14,0,133,0,2,13,7,3,0,1691,1,755,2023-04-17,2.0,2.0,1.0,1.0
2023-04-06,14,0,133,0,2,13,7,3,9,1691,0,755,2023-04-17,73.0,1.0,32.0,8.0
2023-04-07,14,0,133,0,2,13,7,3,5,1691,4,759,2023-04-17,22.0,5.0,42.0,7.0
2023-04-08,14,0,133,0,2,13,7,3,0,1691,0,759,2023-04-17,0.0,0.0,1.0,1.0
2023-04-09,14,0,133,0,2,13,7,3,0,1691,1,760,2023-04-17,0.0,0.0,0.0,0.0
2023-04-10,14,0,133,0,2,13,7,3,7,1691,0,760,2023-04-17,30.0,4.0,52.0,5.0
2023-04-11,14,0,133,0,2,14,7,3,0,1693,8,728,2023-04-24,2.0,2.0,1.0,1.0
2023-04-12,14,0,133,0,2,14,7,3,1,1693,20,748,2023-04-24,21.0,4.0,9.0,2.0
2023-04-13,14,0,133,0,2,14,7,3,6,1693,47,795,2023-04-24,74.0,10.0,24.0,4.0
2023-04-14,14,0,133,0,2,14,7,3,0,1693,27,822,2023-04-24,0.0,0.0,11.0,4.0
2023-04-15,14,0,133,0,2,14,7,3,0,1693,1,823,2023-04-24,1.0,1.0,2.0,2.0
2023-04-16,14,0,133,0,2,14,7,3,0,1693,1,824,2023-04-24,0.0,0.0,2.0,1.0
2023-04-17,14,0,133,0,2,14,7,3,0,1693,0,824,2023-04-24,2.0,1.0,0.0,0.0
2023-04-18,14,0,133,0,2,14,7,3,0,1693,2,776,2023-05-01,4.0,3.0,14.0,5.0
2023-04-19,14,0,133,0,2,14,7,3,0,1693,1,777,2023-05-01,0.0,0.0,15.0,6.0
2023-04-20,14,0,133,0,2,14,7,3,0,1693,2,779,2023-05-01,0.0,0.0,22.0,5.0
2023-04-21,14,0,133,0,2,14,7,3,2,1693,2,781,2023-05-01,42.0,5.0,29.0,9.0
2023-04-22,14,0,133,0,2,14,7,3,0,1693,0,781,2023-05-01,2.0,2.0,17.0,3.0
2023-04-23,14,0,133,0,2,14,7,3,0,1693,0,781,2023-05-01,0.0,0.0,0.0,0.0
2023-04-24,14,0,133,0,2,14,7,3,0,1693,1,782,2023-05-01,2.0,2.0,13.0,2.0
2023-04-25,14,0,133,1,2,14,7,3,0,1693,0,777,2023-05-08,0.0,0.0,5.0,2.0
2023-04-26,14,0,133,1,2,14,7,3,0,1693,0,777,2023-05-08,1.0,1.0,24.0,6.0
2023-04-27,14,0,133,1,2,14,7,3,0,1693,0,777,2023-05-08,0.0,0.0,20.0,3.0
2023-04-28,14,0,133,1,2,14,7,3,0,1693,0,777,2023-05-08,0.0,0.0,8.0,6.0
2023-04-29,14,0,133,1,2,14,7,3,0,1693,2,777,2023-05-08,0.0,0.0,7.0,2.0
2023-04-30,14,0,133,1,2,14,7,3,0,1693,2,779,2023-05-08,0.0,0.0,2.0,1.0
2023-05-01,14,0,133,1,2,14,7,3,0,1693,1,780,2023-05-08,0.0,0.0,2.0,2.0
2023-05-02,14,0,134,1,2,14,7,3,0,1700,1,778,2023-05-15,1.0,1.0,19.0,5.0
2023-05-03,14,0,134,1,2,14,7,3,0,1700,0,778,2023-05-15,0.0,0.0,14.0,4.0
2023-05-04,14,0,134,1,2,14,7,3,1,1700,0,778,2023-05-15,12.0,1.0,3.0,2.0
2023-05-05,14,0,134,1,2,14,7,3,1,1700,1,779,2023-05-15,5.0,1.0,14.0,3.0
2023-05-06,14,0,134,1,2,14,7,3,1,1700,0,779,2023-05-15,6.0,2.0,6.0,4.0
2023-05-07,14,0,134,1,2,14,7,3,0,1700,2,781,2023-05-15,0.0,0.0,0.0,0.0
2023-05-08,14,0,134,1,2,14,7,3,0,1700,0,781,2023-05-15,2.0,2.0,98.0,8.0
2023-05-09,14,0,134,2,3,15,7,3,0,1700,0,722,2023-05-22,0.0,0.0,27.0,7.0
2023-05-10,14,0,134,2,3,15,7,3,1,1700,0,722,2023-05-22,5.0,1.0,75.0,4.0
2023-05-11,14,0,134,2,3,15,7,3,0,1700,2,722,2023-05-22,22.0,3.0,24.0,5.0
2023-05-12,14,0,134,2,3,15,7,3,2,1700,1,723,2023-05-22,61.0,7.0,114.0,5.0
2023-05-13,14,0,134,2,3,15,7,3,0,1700,1,724,2023-05-22,4.0,1.0,6.0,5.0
2023-05-14,14,0,134,2,3,15,7,3,0,1700,2,726,2023-05-22,3.0,3.0,13.0,6.0
2023-05-15,14,0,134,2,3,15,7,3,0,1700,4,730,2023-05-22,4.0,4.0,6.0,5.0
2023-05-16,14,0,135,1,3,16,7,3,0,1703,13,724,2023-05-29,3.0,3.0,62.0,13.0
2023-05-17,14,0,135,1,3,16,7,3,0,1703,12,736,2023-05-29,11.0,3.0,102.0,7.0
2023-05-18,14,0,135,1,3,16,7,3,0,1703,12,748,2023-05-29,6.0,2.0,10.0,4.0
2023-05-19,14,0,135,1,3,16,7,3,0,1703,0,748,2023-05-29,2.0,2.0,13.0,4.0
2023-05-20,14,0,135,1,3,16,7,3,0,1703,0,748,2023-05-29,2.0,1.0,4.0,2.0
2023-05-21,14,0,135,1,3,16,7,3,0,1703,0,748,2023-05-29,2.0,1.0,2.0,1.0
2023-05-22,14,0,135,1,3,16,7,3,1,1703,11,759,2023-05-29,6.0,2.0,24.0,5.0
2023-05-23,14,0,135,2,3,16,7,3,1,1703,11,759,2023-06-05,22.0,4.0,32.0,9.0
2023-05-24,14,0,135,2,3,16,7,3,0,1703,0,759,2023-06-05,0.0,0.0,8.0,5.0
2023-05-25,14,0,135,2,3,16,7,3,0,1703,0,759,2023-06-05,0.0,0.0,4.0,2.0
2023-05-26,14,0,135,2,3,16,7,3,0,1703,1,760,2023-06-05,0.0,0.0,9.0,5.0
2023-05-27,14,0,135,2,3,16,7,3,0,1703,0,760,2023-06-05,0.0,0.0,2.0,1.0
2023-05-28,14,0,135,2,3,16,7,3,0,1703,0,760,2023-06-05,0.0,0.0,1.0,1.0
2023-05-29,14,0,135,2,3,16,7,3,0,1703,2,762,2023-06-05,3.0,2.0,8.0,2.0
2023-05-30,14,0,136,1,3,16,7,3,0,1707,0,760,2023-06-12,0.0,0.0,22.0,7.0
2023-05-31,14,0,136,1,3,16,7,3,0,1707,0,760,2023-06-12,1.0,1.0,31.0,4.0
2023-06-01,14,0,136,1,3,16,7,3,1,1707,3,760,2023-06-12,24.0,1.0,9.0,4.0
2023-06-02,14,0,136,1,3,16,7,3,0,1707,0,760,2023-06-12,11.0,1.0,6.0,3.0
2023-06-03,14,0,136,1,3,16,7,3,0,1707,0,760,2023-06-12,1.0,1.0,2.0,1.0
2023-06-04,14,0,136,1,3,16,7,3,0,1707,22,782,2023-06-12,0.0,0.0,0.0,0.0
2023-06-05,14,0,136,1,3,16,7,3,2,1707,2,784,2023-06-12,21.0,3.0,31.0,7.0
2023-06-06,14,0,136,1,3,17,7,3,0,1707,1,769,2023-06-19,9.0,4.0,23.0,6.0
2023-06-07,14,0,136,1,3,17,7,3,0,1707,0,769,2023-06-19,0.0,0.0,8.0,6.0
2023-06-08,14,0,136,1,3,17,7,3,0,1707,1,770,2023-06-19,1.0,1.0,50.0,7.0
2023-06-09,14,0,136,1,3,17,7,3,0,1707,1,771,2023-06-19,0.0,0.0,29.0,2.0
2023-06-10,14,0,136,1,3,17,7,3,0,1707,7,778,2023-06-19,0.0,0.0,8.0,1.0
2023-06-11,14,0,136,1,3,17,7,3,0,1707,6,784,2023-06-19,0.0,0.0,2.0,1.0
2023-06-12,14,0,136,1,3,17,7,3,0,1707,2,786,2023-06-19,2.0,2.0,3.0,2.0
2023-06-13,14,0,136,1,3,17,8,3,0,1708,1,703,2023-06-26,0.0,0.0,60.0,5.0
2023-06-14,14,0,136,1,3,17,8,3,0,1708,0,703,2023-06-26,0.0,0.0,12.0,7.0
2023-06-15,14,0,136,1,3,17,8,3,0,1708,12,715,2023-06-26,1.0,1.0,7.0,5.0
2023-06-16,14,0,136,1,3,17,8,3,0,1708,4,719,2023-06-26,2.0,1.0,26.0,7.0
2023-06-17,14,0,136,1,3,17,8,3,0,1708,1,720,2023-06-26,0.0,0.0,1.0,1.0
2023-06-18,14,0,136,1,3,17,8,3,0,1708,11,731,2023-06-26,0.0,0.0,8.0,4.0
2023-06-19,14,0,136,1,3,17,8,3,0,1708,21,752,2023-06-26,0.0,0.0,2.0,2.0
2023-06-20,14,0,136,1,3,17,8,3,0,1708,3,681,2023-07-03,0.0,0.0,65.0,5.0
2023-06-21,14,0,136,1,3,17,8,3,1,1708,2,683,2023-07-03,9.0,4.0,136.0,11.0
2023-06-22,14,0,136,1,3,17,8,3,0,1708,0,683,2023-07-03,2.0,1.0,39.0,6.0
2023-06-23,14,0,136,1,3,17,8,3,0,1708,1,684,2023-07-03,1.0,1.0,35.0,11.0
2023-06-24,14,0,136,1,3,17,8,3,0,1708,0,684,2023-07-03,0.0,0.0,0.0,0.0
2023-06-25,14,0,136,1,3,17,8,3,0,1708,0,684,2023-07-03,1.0,1.0,0.0,0.0
2023-06-26,14,0,136,1,3,17,8,3,0,1708,0,684,2023-07-03,2.0,2.0,16.0,7.0
2023-06-27,14,1,137,1,3,17,8,3,0,1712,1,677,2023-07-10,0.0,0.0,7.0,2.0
2023-06-28,14,1,137,1,3,17,8,3,0,1712,0,677,2023-07-10,3.0,2.0,6.0,2.0
2023-06-29,14,1,137,1,3,17,8,3,0,1712,1,678,2023-07-10,2.0,1.0,25.0,2.0
2023-06-30,14,1,137,1,3,17,8,3,1,1712,1,679,2023-07-10,3.0,2.0,38.0,6.0
2023-07-01,14,1,137,1,3,17,8,3,0,1712,1,680,2023-07-10,0.0,0.0,0.0,0.0
2023-07-02,14,1,137,1,3,17,8,3,0,1712,4,684,2023-07-10,0.0,0.0,0.0,0.0
2023-07-03,14,1,137,1,3,17,8,3,0,1712,0,684,2023-07-10,4.0,3.0,126.0,3.0
2023-07-04,14,3,137,2,3,17,8,3,0,1712,1,577,2023-07-17,0.0,0.0,3.0,1.0
2023-07-05,14,3,137,2,3,17,8,3,1,1712,0,577,2023-07-17,15.0,1.0,9.0,3.0
2023-07-06,14,3,137,2,3,17,8,3,0,1712,0,577,2023-07-17,1.0,1.0,8.0,6.0
2023-07-07,14,3,137,2,3,17,8,3,2,1712,0,577,2023-07-17,22.0,5.0,92.0,6.0
2023-07-08,14,3,137,2,3,17,8,3,0,1712,0,577,2023-07-17,6.0,2.0,36.0,1.0
2023-07-09,14,3,137,2,3,17,8,3,0,1712,0,577,2023-07-17,2.0,1.0,0.0,0.0
2023-07-10,14,3,137,2,3,17,8,3,0,1712,16,593,2023-07-17,2.0,2.0,13.0,4.0
2023-07-11,15,2,139,1,3,17,8,3,0,1729,1,523,2023-07-24,3.0,2.0,16.0,3.0
2023-07-12,15,2,139,1,3,17,8,3,0,1729,1,524,2023-07-24,3.0,1.0,18.0,8.0
2023-07-13,15,2,139,1,3,17,8,3,0,1729,8,532,2023-07-24,2.0,2.0,48.0,6.0
2023-07-14,15,2,139,1,3,17,8,3,0,1729,0,532,2023-07-24,36.0,1.0,16.0,4.0
2023-07-15,15,2,139,1,3,17,8,3,0,1729,4,536,2023-07-24,0.0,0.0,4.0,2.0
2023-07-16,15,2,139,1,3,17,8,3,0,1729,0,536,2023-07-24,8.0,3.0,159.0,2.0
2023-07-17,15,2,139,1,3,17,8,3,1,1729,0,536,2023-07-24,13.0,3.0,17.0,7.0
2023-07-18,15,5,139,2,3,18,8,3,3,1729,1,504,2023-07-31,8.0,4.0,77.0,5.0
2023-07-19,15,5,139,2,3,18,8,3,1,1729,1,505,2023-07-31,12.0,4.0,57.0,9.0
2023-07-20,15,5,139,2,3,18,8,3,0,1729,1,506,2023-07-31,0.0,0.0,27.0,6.0
2023-07-21,15,5,139,2,3,18,8,3,1,1729,3,509,2023-07-31,6.0,3.0,76.0,6.0
2023-07-22,15,5,139,2,3,18,8,3,0,1729,8,517,2023-07-31,3.0,2.0,5.0,3.0
2023-07-23,15,5,139,2,3,18,8,3,0,1729,0,517,2023-07-31,0.0,0.0,36.0,3.0
2023-07-24,15,5,139,2,3,18,8,3,0,1729,2,519,2023-07-31,3.0,3.0,6.0,3.0
2023-07-25,15,5,139,2,3,18,8,3,0,1729,5,511,2023-08-07,1.0,1.0,33.0,5.0
2023-07-26,15,5,139,2,3,18,8,3,0,1729,1,512,2023-08-07,0.0,0.0,16.0,4.0
2023-07-27,15,5,139,2,3,18,8,3,0,1729,5,517,2023-08-07,15.0,1.0,78.0,6.0
2023-07-28,15,5,139,2,3,18,8,3,0,1729,0,517,2023-08-07,13.0,3.0,38.0,5.0
2023-07-29,15,5,139,2,3,18,8,3,0,1729,0,517,2023-08-07,0.0,0.0,8.0,4.0
2023-07-30,15,5,139,2,3,18,8,3,0,1729,3,520,2023-08-07,14.0,1.0,19.0,6.0
2023-07-31,15,5,139,2,3,18,8,3,0,1729,0,520,2023-08-07,23.0,3.0,108.0,8.0
2023-08-01,15,5,140,1,3,19,8,3,0,1730,2,508,2023-08-14,24.0,1.0,46.0,8.0
2023-08-02,15,5,140,1,3,19,8,3,0,1730,1,509,2023-08-14,11.0,2.0,42.0,5.0
2023-08-03,15,5,140,1,3,19,8,3,0,1730,0,509,2023-08-14,15.0,1.0,72.0,5.0
2023-08-04,15,5,140,1,3,19,8,3,0,1730,1,510,2023-08-14,6.0,2.0,75.0,3.0
2023-08-05,15,5,140,1,3,19,8,3,0,1730,22,532,2023-08-14,3.0,3.0,1.0,1.0
2023-08-06,15,5,140,1,3,19,8,3,0,1730,0,532,2023-08-14,1.0,1.0,0.0,0.0
2023-08-07,15,5,140,1,3,19,8,3,0,1730,0,532,2023-08-14,22.0,3.0,12.0,4.0
2023-08-08,17,3,141,0,3,20,8,3,3,1757,1,499,2023-08-21,34.0,4.0,51.0,9.0
2023-08-09,17,3,141,0,3,20,8,3,1,1757,0,499,2023-08-21,11.0,3.0,93.0,6.0
2023-08-10,17,3,141,0,3,20,8,3,0,1757,0,499,2023-08-21,9.0,4.0,156.0,16.0
2023-08-11,17,3,141,0,3,20,8,3,2,1757,0,499,2023-08-21,22.0,5.0,78.0,11.0
2023-08-12,17,3,141,0,3,20,8,3,0,1757,22,521,2023-08-21,1.0,1.0,6.0,4.0
2023-08-13,17,3,141,0,3,20,8,3,0,1757,0,521,2023-08-21,1.0,1.0,0.0,0.0
2023-08-14,17,3,141,0,3,20,8,3,1,1757,0,521,2023-08-21,9.0,4.0,50.0,11.0
2023-08-15,17,3,142,1,3,20,8,3,0,1760,1,508,2023-08-28,0.0,0.0,26.0,5.0
2023-08-16,17,3,142,1,3,20,8,3,0,1760,0,508,2023-08-28,1.0,1.0,22.0,9.0
2023-08-17,17,3,142,1,3,20,8,3,2,1760,0,508,2023-08-28,29.0,2.0,28.0,9.0
2023-08-18,17,3,142,1,3,20,8,3,2,1760,1,509,2023-08-28,25.0,3.0,49.0,5.0
2023-08-19,17,3,142,1,3,20,8,3,1,1760,0,509,2023-08-28,8.0,5.0,2.0,1.0
2023-08-20,17,3,142,1,3,20,8,3,0,1760,0,509,2023-08-28,1.0,1.0,14.0,3.0
2023-08-21,17,3,142,1,3,20,8,3,0,1760,1,510,2023-08-28,3.0,3.0,72.0,3.0
2023-08-22,17,3,143,1,3,20,8,3,0,1776,0,470,2023-09-04,1.0,1.0,126.0,7.0
2023-08-23,17,3,143,1,3,20,8,3,0,1776,0,470,2023-09-04,3.0,2.0,219.0,6.0
2023-08-24,17,3,143,1,3,20,8,3,2,1776,1,470,2023-09-04,16.0,2.0,56.0,8.0
2023-08-25,17,3,143,1,3,20,8,3,15,1776,0,470,2023-09-04,37.0,4.0,68.0,11.0
2023-08-26,17,3,143,1,3,20,8,3,0,1776,0,470,2023-09-04,2.0,2.0,37.0,4.0
2023-08-27,17,3,143,1,3,20,8,3,0,1776,0,470,2023-09-04,0.0,0.0,3.0,2.0
2023-08-28,17,3,143,1,3,20,8,3,0,1776,1,471,2023-09-04,16.0,6.0,163.0,15.0
2023-08-29,17,3,143,1,3,20,8,3,2,1776,1,451,2023-09-11,15.0,6.0,47.0,7.0
2023-08-30,17,3,143,1,3,20,8,3,0,1776,0,451,2023-09-11,5.0,3.0,103.0,8.0
2023-08-31,17,3,143,1,3,20,8,3,0,1776,0,451,2023-09-11,12.0,3.0,91.0,4.0
2023-09-01,17,3,143,1,3,20,8,3,0,1776,0,451,2023-09-11,5.0,1.0,11.0,2.0
2023-09-02,17,3,143,1,3,20,8,3,0,1776,0,451,2023-09-11,7.0,3.0,0.0,0.0
2023-09-03,17,3,143,1,3,20,8,3,0,1776,0,451,2023-09-11,0.0,0.0,4.0,2.0
2023-09-04,17,3,143,1,3,20,8,3,0,1776,2,453,2023-09-11,1.0,1.0,4.0,3.0
2023-09-05,19,1,145,0,3,21,8,3,1,1792,0,433,2023-09-18,5.0,1.0,100.0,8.0
2023-09-06,19,1,145,0,3,21,8,3,0,1792,0,433,2023-09-18,16.0,2.0,19.0,5.0
2023-09-07,19,1,145,0,3,21,8,3,1,1792,0,433,2023-09-18,5.0,1.0,37.0,6.0
2023-09-08,19,1,145,0,3,21,8,3,0,1792,0,433,2023-09-18,6.0,2.0,50.0,11.0
2023-09-09,19,1,145,0,3,21,8,3,0,1792,0,433,2023-09-18,1.0,1.0,1.0,1.0
2023-09-10,19,1,145,0,3,21,8,3,0,1792,0,433,2023-09-18,0.0,0.0,1.0,1.0
2023-09-11,19,1,145,0,3,21,8,3,0,1792,0,433,2023-09-18,20.0,2.0,43.0,7.0
2023-09-12,19,1,146,0,3,22,8,3,1,1795,0,429,2023-09-25,8.0,1.0,56.0,5.0
2023-09-13,19,1,146,0,3,22,8,3,1,1795,2,429,2023-09-25,27.0,7.0,25.0,9.0
2023-09-14,19,1,146,0,3,22,8,3,7,1795,2,431,2023-09-25,49.0,9.0,79.0,2.0
2023-09-15,19,1,146,0,3,22,8,3,0,1795,0,431,2023-09-25,3.0,3.0,8.0,3.0
2023-09-16,19,1,146,0,3,22,8,3,0,1795,0,431,2023-09-25,1.0,1.0,6.0,2.0
2023-09-17,19,1,146,0,3,22,8,3,0,1795,0,431,2023-09-25,0.0,0.0,0.0,0.0
2023-09-18,19,1,146,0,3,22,8,3,0,1795,1,432,2023-09-25,4.0,3.0,44.0,6.0
2023-09-19,19,1,146,2,3,22,8,3,0,1795,4,435,2023-10-02,2.0,1.0,25.0,5.0
2023-09-20,19,1,146,2,3,22,8,3,3,1795,3,438,2023-10-02,22.0,2.0,69.0,6.0
2023-09-21,19,1,146,2,3,22,8,3,0,1795,4,442,2023-10-02,28.0,5.0,9.0,4.0
2023-09-22,19,1,146,2,3,22,8,3,0,1795,0,442,2023-10-02,1.0,1.0,10.0,5.0
2023-09-23,19,1,146,2,3,22,8,3,0,1795,1,443,2023-10-02,0.0,0.0,1.0,1.0
2023-09-24,19,1,146,2,3,22,8,3,0,1795,0,443,2023-10-02,1.0,1.0,1.0,1.0
2023-09-25,19,1,146,2,3,22,8,3,0,1795,0,443,2023-10-02,3.0,2.0,61.0,5.0
2023-09-26,20,0,147,2,3,24,8,3,10,1811,0,459,2023-10-09,42.0,1.0,11.0,1.0
2023-09-27,20,0,147,2,3,24,8,3,0,1811,0,459,2023-10-09,17.0,1.0,60.0,9.0
2023-09-28,20,0,147,2,3,24,8,3,1,1811,0,459,2023-10-09,31.0,2.0,78.0,6.0
2023-09-29,20,0,147,2,3,24,8,3,1,1811,0,459,2023-10-09,24.0,1.0,25.0,2.0
2023-09-30,20,0,147,2,3,24,8,3,0,1811,0,459,2023-10-09,0.0,0.0,1.0,1.0
2023-10-01,20,0,147,2,3,24,8,3,0,1811,0,459,2023-10-09,0.0,0.0,1.0,1.0
2023-10-02,20,0,147,2,3,24,8,3,0,1811,22,459,2023-10-09,32.0,3.0,34.0,7.0
2023-10-03,20,0,150,0,3,24,8,4,2,1854,3,358,2023-10-16,33.0,1.0,48.0,16.0
2023-10-04,20,0,150,0,3,24,8,4,2,1854,0,358,2023-10-16,48.0,4.0,36.0,6.0
2023-10-05,20,0,150,0,3,24,8,4,6,1854,0,358,2023-10-16,32.0,2.0,109.0,6.0
2023-10-06,20,0,150,0,3,24,8,4,0,1854,2,360,2023-10-16,1.0,1.0,55.0,7.0
2023-10-07,20,0,150,0,3,24,8,4,0,1854,0,360,2023-10-16,1.0,1.0,5.0,2.0
2023-10-08,20,0,150,0,3,24,8,4,0,1854,0,360,2023-10-16,0.0,0.0,5.0,2.0
2023-10-09,20,0,150,0,3,24,8,4,0,1854,0,360,2023-10-16,3.0,3.0,44.0,7.0
2023-10-10,20,0,151,0,3,24,8,4,1,1859,0,353,2023-10-23,7.0,2.0,44.0,7.0
2023-10-11,20,0,151,0,3,24,8,4,0,1859,0,353,2023-10-23,0.0,0.0,5.0,2.0
2023-10-12,20,0,151,0,3,24,8,4,2,1859,0,353,2023-10-23,18.0,5.0,33.0,7.0
2023-10-13,20,0,151,0,3,24,8,4,3,1859,0,353,2023-10-23,18.0,6.0,40.0,4.0
2023-10-14,20,0,151,0,3,24,8,4,0,1859,1,353,2023-10-23,1.0,1.0,13.0,2.0
2023-10-15,20,0,151,0,3,24,8,4,0,1859,2,355,2023-10-23,1.0,1.0,4.0,1.0
2023-10-16,20,0,151,0,3,24,8,4,1,1859,63,418,2023-10-23,12.0,8.0,4.0,3.0
2023-10-17,20,0,151,0,3,24,8,4,3,1859,9,422,2023-10-30,8.0,3.0,20.0,7.0
2023-10-18,20,0,151,0,3,24,8,4,1,1859,4,426,2023-10-30,13.0,5.0,44.0,8.0
2023-10-19,20,0,151,0,3,24,8,4,0,1859,0,426,2023-10-30,1.0,1.0,12.0,4.0
2023-10-20,20,0,151,0,3,24,8,4,0,1859,2,428,2023-10-30,1.0,1.0,6.0,2.0
2023-10-21,20,0,151,0,3,24,8,4,0,1859,5,433,2023-10-30,0.0,0.0,12.0,4.0
2023-10-22,20,0,151,0,3,24,8,4,0,1859,0,433,2023-10-30,1.0,1.0,14.0,1.0
2023-10-23,20,0,151,0,3,24,8,4,0,1859,1,434,2023-10-30,3.0,3.0,11.0,3.0
2023-10-24,20,1,151,2,3,24,8,4,0,1859,1,431,2023-11-06,5.0,3.0,7.0,3.0
2023-10-25,20,1,151,2,3,24,8,4,0,1859,0,431,2023-11-06,0.0,0.0,11.0,3.0
2023-10-26,20,1,151,2,3,24,8,4,0,1859,3,434,2023-11-06,0.0,0.0,7.0,4.0
2023-10-27,20,1,151,2,3,24,8,4,0,1859,0,434,2023-11-06,0.0,0.0,12.0,3.0
2023-10-28,20,1,151,2,3,24,8,4,0,1859,3,437,2023-11-06,1.0,1.0,22.0,1.0
2023-10-29,20,1,151,2,3,24,8,4,0,1859,0,437,2023-11-06,0.0,0.0,1.0,1.0
2023-10-30,20,1,151,2,3,24,8,4,0,1859,0,437,2023-11-06,3.0,2.0,55.0,6.0
2023-10-31,21,0,154,2,3,24,8,4,3,1919,2,429,2023-11-13,4.0,2.0,34.0,4.0
2023-11-01,21,0,154,2,3,24,8,4,5,1919,1,430,2023-11-13,6.0,1.0,327.0,3.0
2023-11-02,21,0,154,2,3,24,8,4,0,1919,0,430,2023-11-13,0.0,0.0,107.0,6.0
2023-11-03,21,0,154,2,3,24,8,4,4,1919,1,431,2023-11-13,22.0,1.0,21.0,4.0
2023-11-04,21,0,154,2,3,24,8,4,6,1919,2,433,2023-11-13,26.0,2.0,170.0,5.0
2023-11-05,21,0,154,2,3,24,8,4,2,1919,0,433,2023-11-13,12.0,2.0,0.0,0.0
2023-11-06,21,0,154,2,3,24,8,4,3,1919,0,433,2023-11-13,9.0,5.0,39.0,6.0
2023-11-07,21,0,156,1,3,24,9,5,21,1932,1,386,2023-11-20,10.0,1.0,14.0,4.0
2023-11-08,21,0,156,1,3,24,9,5,4,1932,0,386,2023-11-20,17.0,1.0,25.0,2.0
2023-11-09,21,0,156,1,3,24,9,5,10,1932,1,387,2023-11-20,46.0,4.0,50.0,12.0
2023-11-10,21,0,156,1,3,24,9,5,6,1932,1,388,2023-11-20,28.0,4.0,287.0,7.0
2023-11-11,21,0,156,1,3,24,9,5,1,1932,1,389,2023-11-20,16.0,2.0,0.0,0.0
2023-11-12,21,0,156,1,3,24,9,5,1,1932,0,389,2023-11-20,6.0,2.0,1.0,1.0
2023-11-13,21,0,156,1,3,24,9,5,1,1932,3,392,2023-11-20,8.0,6.0,58.0,11.0
2023-11-14,21,0,158,1,3,24,9,5,0,1948,2,380,2023-11-27,0.0,0.0,95.0,11.0
2023-11-15,21,0,158,1,3,24,9,5,6,1948,3,383,2023-11-27,19.0,3.0,51.0,13.0
2023-11-16,21,0,158,1,3,24,9,5,4,1948,0,383,2023-11-27,7.0,1.0,146.0,11.0
2023-11-17,21,0,158,1,3,24,9,5,2,1948,5,388,2023-11-27,7.0,3.0,34.0,6.0
2023-11-18,21,0,158,1,3,24,9,5,0,1948,1,389,2023-11-27,3.0,2.0,11.0,1.0
2023-11-19,21,0,158,1,3,24,9,5,0,1948,2,391,2023-11-27,0.0,0.0,24.0,2.0
2023-11-20,21,0,158,1,3,24,9,5,3,1948,0,391,2023-11-27,19.0,2.0,107.0,9.0
2023-11-21,21,0,159,0,3,24,9,5,3,1971,0,367,2023-12-04,17.0,4.0,55.0,9.0
2023-11-22,21,0,159,0,3,24,9,5,3,1971,3,367,2023-12-04,10.0,4.0,172.0,15.0
2023-11-23,21,0,159,0,3,24,9,5,5,1971,3,370,2023-12-04,25.0,3.0,37.0,5.0
2023-11-24,21,0,159,0,3,24,9,5,0,1971,1,371,2023-12-04,1.0,1.0,6.0,4.0
2023-11-25,21,0,159,0,3,24,9,5,0,1971,18,389,2023-12-04,1.0,1.0,34.0,2.0
2023-11-26,21,0,159,0,3,24,9,5,0,1971,8,397,2023-12-04,0.0,0.0,2.0,1.0
2023-11-27,21,0,159,0,3,24,9,5,12,1971,2,399,2023-12-04,44.0,5.0,220.0,10.0
2023-11-28,21,0,159,1,3,25,9,5,2,1971,0,384,2023-12-11,15.0,5.0,78.0,7.0
2023-11-29,21,0,159,1,3,25,9,5,1,1971,3,384,2023-12-11,7.0,4.0,67.0,9.0
2023-11-30,21,0,159,1,3,25,9,5,1,1971,1,385,2023-12-11,10.0,7.0,71.0,9.0
2023-12-01,21,0,159,1,3,25,9,5,0,1971,0,385,2023-12-11,0.0,0.0,19.0,7.0
2023-12-02,21,0,159,1,3,25,9,5,0,1971,0,385,2023-12-11,2.0,2.0,17.0,1.0
2023-12-03,21,0,159,1,3,25,9,5,0,1971,0,385,2023-12-11,0.0,0.0,0.0,0.0
2023-12-04,21,0,159,1,3,25,9,5,0,1971,2,387,2023-12-11,6.0,6.0,52.0,10.0
2023-12-05,21,0,159,1,4,26,9,5,0,1971,2,339,2023-12-18,2.0,2.0,46.0,9.0
2023-12-06,21,0,159,1,4,26,9,5,0,1971,0,339,2023-12-18,3.0,3.0,33.0,4.0
2023-12-07,21,0,159,1,4,26,9,5,0,1971,0,339,2023-12-18,6.0,2.0,53.0,5.0
2023-12-08,21,0,159,1,4,26,9,5,0,1971,1,340,2023-12-18,13.0,1.0,35.0,7.0
2023-12-09,21,0,159,1,4,26,9,5,0,1971,0,340,2023-12-18,2.0,2.0,0.0,0.0
2023-12-10,21,0,159,1,4,26,9,5,0,1971,2,342,2023-12-18,2.0,2.0,4.0,2.0
2023-12-11,21,0,159,1,4,26,9,5,0,1971,0,342,2023-12-18,18.0,4.0,173.0,8.0
2023-12-12,21,0,160,0,4,26,9,5,3,1987,24,360,2023-12-25,15.0,1.0,60.0,11.0
2023-12-13,21,0,160,0,4,26,9,5,2,1987,0,360,2023-12-25,10.0,1.0,101.0,10.0
2023-12-14,21,0,160,0,4,26,9,5,0,1987,0,360,2023-12-25,0.0,0.0,35.0,6.0
2023-12-15,21,0,160,0,4,26,9,5,0,1987,0,360,2023-12-25,1.0,1.0,47.0,7.0
2023-12-16,21,0,160,0,4,26,9,5,0,1987,0,360,2023-12-25,0.0,0.0,2.0,2.0
2023-12-17,21,0,160,0,4,26,9,5,0,1987,0,360,2023-12-25,2.0,2.0,4.0,1.0
2023-12-18,21,0,160,0,4,26,9,5,1,1987,51,411,2023-12-25,13.0,7.0,45.0,4.0
2023-12-19,21,0,160,0,4,26,9,5,0,1987,8,411,2024-01-01,1.0,1.0,4.0,2.0
2023-12-20,21,0,160,0,4,26,9,5,0,1987,3,414,2024-01-01,0.0,0.0,21.0,3.0
2023-12-21,21,0,160,0,4,26,9,5,0,1987,4,418,2024-01-01,1.0,1.0,18.0,7.0
2023-12-22,21,0,160,0,4,26,9,5,0,1987,0,418,2024-01-01,0.0,0.0,3.0,2.0
2023-12-23,21,0,160,0,4,26,9,5,0,1987,5,423,2024-01-01,2.0,2.0,0.0,0.0
2023-12-24,21,0,160,0,4,26,9,5,0,1987,1,424,2024-01-01,2.0,2.0,0.0,0.0
2023-12-25,21,0,160,0,4,26,9,5,0,1987,2,426,2024-01-01,0.0,0.0,0.0,0.0
2023-12-26,21,0,160,0,4,26,9,5,0,1987,11,420,2024-01-08,0.0,0.0,0.0,0.0
2023-12-27,21,0,160,0,4,26,9,5,0,1987,0,420,2024-01-08,1.0,1.0,1.0,1.0
2023-12-28,21,0,160,0,4,26,9,5,0,1987,0,420,2024-01-08,0.0,0.0,3.0,1.0
2023-12-29,21,0,160,0,4,26,9,5,0,1987,0,420,2024-01-08,1.0,1.0,10.0,2.0
2023-12-30,21,0,160,0,4,26,9,5,0,1987,0,420,2024-01-08,2.0,1.0,0.0,0.0
2023-12-31,21,0,160,0,4,26,9,5,0,1987,0,420,2024-01-08,0.0,0.0,3.0,1.0
2024-01-01,21,0,160,0,4,26,9,5,0,1987,0,407,2024-01-14,0.0,0.0,0.0,0.0
2024-01-02,21,0,160,0,4,26,9,5,0,1987,0,407,2024-01-15,1.0,1.0,21.0,5.0
2024-01-03,21,0,160,0,4,26,9,5,0,1987,0,407,2024-01-15,1.0,1.0,14.0,4.0
2024-01-04,21,0,160,0,4,26,9,5,0,1987,0,407,2024-01-15,1.0,1.0,19.0,4.0
2024-01-05,21,0,160,0,4,26,9,5,0,1987,1,407,2024-01-15,1.0,1.0,9.0,5.0
2024-01-06,21,0,160,0,4,26,9,5,0,1987,5,412,2024-01-15,0.0,0.0,9.0,1.0
2024-01-07,21,0,160,0,4,26,9,5,0,1987,1,413,2024-01-15,2.0,1.0,1.0,1.0
2024-01-08,21,0,160,0,4,26,9,5,0,1987,1,414,2024-01-15,2.0,2.0,9.0,4.0
2024-01-09,21,0,160,0,4,26,9,5,0,1987,2,400,2024-01-22,5.0,3.0,7.0,3.0
2024-01-10,21,0,160,0,4,26,9,5,0,1987,0,400,2024-01-22,4.0,1.0,4.0,4.0
2024-01-11,21,0,160,0,4,26,9,5,0,1987,0,400,2024-01-22,0.0,0.0,7.0,3.0
2024-01-12,21,0,160,0,4,26,9,5,0,1987,4,404,2024-01-22,0.0,0.0,4.0,4.0
2024-01-13,21,0,160,0,4,26,9,5,0,1987,7,411,2024-01-22,1.0,1.0,2.0,1.0
2024-01-14,21,0,160,0,4,26,9,5,0,1987,8,419,2024-01-22,3.0,2.0,1.0,1.0
2024-01-15,21,0,160,0,4,26,9,5,0,1987,0,419,2024-01-22,2.0,1.0,4.0,2.0
2024-01-16,21,0,160,0,4,26,9,5,0,1987,11,416,2024-01-29,0.0,0.0,2.0,2.0
2024-01-17,21,0,160,0,4,26,9,5,0,1987,0,416,2024-01-29,0.0,0.0,7.0,3.0
2024-01-18,21,0,160,0,4,26,9,5,0,1987,0,416,2024-01-29,0.0,0.0,13.0,1.0
2024-01-19,21,0,160,0,4,26,9,5,0,1987,4,420,2024-01-29,1.0,1.0,54.0,9.0
2024-01-20,21,0,160,0,4,26,9,5,0,1987,0,420,2024-01-29,0.0,0.0,1.0,1.0
2024-01-21,21,0,160,0,4,26,9,5,0,1987,0,420,2024-01-29,1.0,1.0,44.0,4.0
2024-01-22,21,0,160,0,4,26,9,5,0,1987,4,424,2024-01-29,2.0,2.0,5.0,2.0
2024-01-23,21,0,162,0,4,26,9,5,0,1991,3,401,2024-02-05,1.0,1.0,103.0,8.0
2024-01-24,21,0,162,0,4,26,9,5,0,1991,3,404,2024-02-05,2.0,1.0,159.0,10.0
2024-01-25,21,0,162,0,4,26,9,5,0,1991,6,410,2024-02-05,0.0,0.0,47.0,5.0
2024-01-26,21,0,162,0,4,26,9,5,0,1991,0,410,2024-02-05,0.0,0.0,2.0,2.0
2024-01-27,21,0,162,0,4,26,9,5,0,1991,0,410,2024-02-05,0.0,0.0,0.0,0.0
2024-01-28,21,0,162,0,4,26,9,5,0,1991,1,411,2024-02-05,2.0,2.0,45.0,3.0
2024-01-29,21,0,162,0,4,26,9,5,0,1991,4,415,2024-02-05,0.0,0.0,8.0,6.0
2024-01-30,21,0,163,0,4,28,9,5,0,1993,2,394,2024-02-12,2.0,2.0,61.0,3.0
2024-01-31,21,0,163,0,4,28,9,5,0,1993,5,399,2024-02-12,0.0,0.0,3.0,2.0
2024-02-01,21,0,163,0,4,28,9,5,0,1993,0,399,2024-02-12,2.0,2.0,42.0,4.0
2024-02-02,21,0,163,0,4,28,9,5,4,1993,2,401,2024-02-12,35.0,3.0,89.0,7.0
2024-02-03,21,0,163,0,4,28,9,5,0,1993,0,401,2024-02-12,5.0,5.0,0.0,0.0
2024-02-04,21,0,163,0,4,28,9,5,0,1993,27,428,2024-02-12,1.0,1.0,0.0,0.0
2024-02-05,21,0,163,0,4,28,9,5,0,1993,0,428,2024-02-12,2.0,2.0,79.0,6.0
2024-02-06,21,0,166,0,4,28,9,5,1,2021,0,451,2024-02-19,1.0,1.0,32.0,4.0
2024-02-07,21,0,166,0,4,28,9,5,1,2021,0,451,2024-02-19,12.0,3.0,69.0,5.0
2024-02-08,21,0,166,0,4,28,9,5,3,2021,0,451,2024-02-19,6.0,2.0,66.0,9.0
2024-02-09,21,0,166,0,4,28,9,5,0,2021,26,451,2024-02-19,2.0,2.0,7.0,2.0
2024-02-10,21,0,166,0,4,28,9,5,0,2021,27,478,2024-02-19,1.0,1.0,10.0,6.0
2024-02-11,21,0,166,0,4,28,9,5,0,2021,0,478,2024-02-19,1.0,1.0,3.0,1.0
2024-02-12,21,0,166,0,4,28,9,5,1,2021,0,478,2024-02-19,3.0,2.0,26.0,3.0
2024-02-13,21,0,166,0,5,28,11,5,0,2021,0,482,2024-02-26,0.0,0.0,15.0,4.0
2024-02-14,21,0,166,0,5,28,11,5,3,2021,0,482,2024-02-26,29.0,2.0,32.0,4.0
2024-02-15,21,0,166,0,5,28,11,5,17,2021,6,482,2024-02-26,31.0,3.0,96.0,11.0
2024-02-16,21,0,166,0,5,28,11,5,4,2021,0,482,2024-02-26,27.0,6.0,28.0,7.0
2024-02-17,21,0,166,0,5,28,11,5,0,2021,0,482,2024-02-26,2.0,2.0,67.0,2.0
2024-02-18,21,0,166,0,5,28,11,5,0,2021,12,494,2024-02-26,2.0,1.0,2.0,1.0
2024-02-19,21,0,166,0,5,28,11,5,0,2021,3,497,2024-02-26,2.0,2.0,36.0,2.0
2024-02-20,21,0,170,1,5,30,11,6,0,2025,4,498,2024-03-04,0.0,0.0,78.0,9.0
2024-02-21,21,0,170,1,5,30,11,6,0,2025,16,514,2024-03-04,0.0,0.0,65.0,6.0
2024-02-22,21,0,171,2,5,30,11,6,0,2026,0,515,2024-03-06,5.0,5.0,10.0,4.0
2024-02-23,21,0,171,2,5,30,11,6,0,2026,0,515,2024-03-06,0.0,0.0,9.0,2.0
2024-02-24,21,0,171,2,5,30,11,6,0,2026,0,515,2024-03-06,1.0,1.0,0.0,0.0
2024-02-25,21,0,171,2,5,30,11,6,0,2026,1,515,2024-03-06,1.0,1.0,0.0,0.0
2024-02-26,21,0,171,2,5,30,11,6,0,2026,1,516,2024-03-06,1.0,1.0,39.0,4.0
2024-02-27,21,0,172,2,5,31,11,6,0,2036,0,517,2024-03-11,0.0,0.0,57.0,9.0
2024-02-28,21,0,172,2,5,31,11,6,0,2036,1,517,2024-03-11,16.0,1.0,137.0,8.0
2024-02-29,21,0,172,2,5,31,11,6,2,2036,0,517,2024-03-11,40.0,6.0,305.0,11.0
2024-03-01,21,0,172,2,5,31,11,6,2,2036,0,517,2024-03-11,17.0,6.0,160.0,6.0
2024-03-02,21,0,172,2,5,31,11,6,0,2036,2,519,2024-03-11,2.0,2.0,8.0,5.0
2024-03-03,21,0,172,2,5,31,11,6,0,2036,0,519,2024-03-11,0.0,0.0,2.0,2.0
2024-03-04,21,0,172,2,5,31,11,6,3,2036,1,520,2024-03-11,11.0,5.0,27.0,4.0
2024-03-05,21,0,172,6,5,31,11,6,6,2036,0,516,2024-03-18,26.0,3.0,63.0,8.0
2024-03-06,21,0,172,6,5,31,11,6,1,2036,0,516,2024-03-18,20.0,1.0,83.0,7.0
2024-03-07,21,0,172,6,5,31,11,6,1,2036,0,516,2024-03-18,9.0,5.0,19.0,5.0
2024-03-08,21,0,172,6,5,31,11,6,0,2036,0,516,2024-03-18,6.0,2.0,38.0,4.0
2024-03-09,21,0,172,6,5,31,11,6,0,2036,0,516,2024-03-18,3.0,3.0,0.0,0.0
2024-03-10,21,0,172,6,5,31,11,6,0,2036,0,516,2024-03-18,0.0,0.0,2.0,2.0
2024-03-11,21,0,172,6,5,31,11,6,0,2036,0,516,2024-03-18,8.0,2.0,25.0,6.0
2024-03-12,21,0,180,2,5,31,11,6,0,2054,0,504,2024-03-25,0.0,0.0,3.0,3.0
2024-03-13,21,0,180,2,5,31,11,6,0,2054,0,504,2024-03-25,0.0,0.0,18.0,4.0
2024-03-14,21,0,180,2,5,31,11,6,0,2054,1,504,2024-03-25,10.0,2.0,74.0,3.0
2024-03-15,21,0,180,2,5,31,11,6,0,2054,1,505,2024-03-25,2.0,1.0,18.0,5.0
2024-03-16,21,0,180,2,5,31,11,6,0,2054,0,505,2024-03-25,18.0,3.0,4.0,2.0
2024-03-17,21,0,180,2,5,31,11,6,0,2054,0,505,2024-03-25,1.0,1.0,21.0,1.0
2024-03-18,21,0,180,2,5,31,11,6,3,2054,0,505,2024-03-25,57.0,6.0,137.0,10.0
2024-03-19,21,0,182,2,5,34,11,6,0,2061,0,484,2024-04-01,13.0,3.0,140.0,18.0
2024-03-20,21,0,182,2,5,34,11,6,0,2061,0,484,2024-04-01,2.0,1.0,27.0,8.0
2024-03-21,21,0,182,2,5,34,11,6,11,2061,1,484,2024-04-01,95.0,8.0,330.0,9.0
2024-03-22,21,0,182,2,5,34,11,6,4,2061,26,510,2024-04-01,36.0,6.0,39.0,7.0
2024-03-23,21,0,182,2,5,34,11,6,0,2061,0,510,2024-04-01,9.0,2.0,6.0,1.0
2024-03-24,21,0,182,2,5,34,11,6,0,2061,0,510,2024-04-01,2.0,2.0,5.0,1.0
2024-03-25,21,0,182,2,5,34,11,6,0,2061,0,510,2024-04-01,1.0,1.0,11.0,5.0
2024-03-26,21,0,182,3,5,34,11,6,0,2061,2,507,2024-04-08,9.0,2.0,56.0,6.0
2024-03-27,21,0,182,3,5,34,11,6,0,2061,0,507,2024-04-08,6.0,1.0,14.0,4.0
2024-03-28,21,0,182,3,5,34,11,6,6,2061,1,508,2024-04-08,39.0,4.0,195.0,5.0
2024-03-29,21,0,182,3,5,34,11,6,1,2061,2,510,2024-04-08,26.0,4.0,37.0,5.0
2024-03-30,21,0,182,3,5,34,11,6,0,2061,0,510,2024-04-08,30.0,1.0,1.0,1.0
2024-03-31,21,0,182,3,5,34,11,6,0,2061,0,510,2024-04-08,2.0,2.0,25.0,2.0
2024-04-01,21,0,182,3,5,34,11,6,0,2061,0,510,2024-04-08,5.0,1.0,53.0,5.0
2024-04-02,21,0,184,3,6,41,11,6,0,2070,0,445,2024-04-15,0.0,0.0,58.0,8.0
2024-04-03,21,0,184,3,6,41,11,6,0,2070,1,445,2024-04-15,5.0,1.0,111.0,10.0
2024-04-04,21,0,184,3,6,41,11,6,4,2070,0,445,2024-04-15,73.0,2.0,103.0,6.0
2024-04-05,21,0,184,3,6,41,11,6,0,2070,0,445,2024-04-15,40.0,1.0,123.0,4.0
2024-04-06,21,0,184,3,6,41,11,6,0,2070,0,445,2024-04-15,0.0,0.0,1.0,1.0
2024-04-07,21,0,184,3,6,41,11,6,0,2070,1,446,2024-04-15,0.0,0.0,5.0,2.0
2024-04-08,21,0,184,3,6,41,11,6,4,2070,0,446,2024-04-15,36.0,3.0,80.0,10.0
2024-04-09,21,0,186,2,6,46,11,6,0,2074,3,428,2024-04-22,22.0,2.0,152.0,11.0
2024-04-10,21,0,186,2,6,46,11,6,1,2074,0,428,2024-04-22,11.0,3.0,170.0,22.0
2024-04-11,21,0,186,2,6,46,11,6,0,2074,2,430,2024-04-22,29.0,4.0,192.0,34.0
2024-04-12,21,0,186,2,6,46,11,6,0,2074,1,431,2024-04-22,2.0,1.0,268.0,31.0
2024-04-13,21,0,186,2,6,46,11,6,0,2074,1,432,2024-04-22,2.0,2.0,48.0,12.0
2024-04-14,21,0,186,2,6,46,11,6,0,2074,0,432,2024-04-22,1.0,1.0,88.0,11.0
2024-04-15,21,0,186,2,6,46,11,6,0,2074,2,434,2024-04-22,0.0,0.0,233.0,37.0
2024-04-16,21,0,187,3,6,47,11,6,0,2081,3,430,2024-04-29,57.0,3.0,250.0,38.0
2024-04-17,21,0,187,3,6,47,11,6,1,2081,0,430,2024-04-29,27.0,4.0,237.0,34.0
2024-04-18,21,0,187,3,6,47,11,6,3,2081,41,471,2024-04-29,20.0,6.0,243.0,21.0
2024-04-19,21,0,187,3,6,47,11,6,2,2081,0,471,2024-04-29,33.0,6.0,189.0,26.0
2024-04-20,21,0,187,3,6,47,11,6,0,2081,0,471,2024-04-29,2.0,2.0,44.0,6.0
2024-04-21,21,0,187,3,6,47,11,6,0,2081,0,471,2024-04-29,0.0,0.0,13.0,3.0
2024-04-22,21,0,187,3,6,47,11,6,1,2081,8,479,2024-04-29,7.0,4.0,65.0,19.0
2024-04-23,21,0,189,4,6,51,11,6,0,2102,10,483,2024-05-06,1.0,1.0,42.0,10.0
2024-04-24,21,0,189,4,6,51,11,6,0,2102,6,489,2024-05-06,12.0,3.0,161.0,8.0
2024-04-25,21,0,189,4,6,51,11,6,6,2102,9,498,2024-05-06,48.0,6.0,33.0,12.0
2024-04-26,21,0,189,4,6,51,11,6,2,2102,2,500,2024-05-06,37.0,6.0,65.0,12.0
2024-04-27,21,0,189,4,6,51,11,6,0,2102,0,500,2024-05-06,2.0,2.0,18.0,4.0
2024-04-28,21,0,189,4,6,51,11,6,0,2102,0,500,2024-05-06,0.0,0.0,1.0,1.0
2024-04-29,21,0,189,4,6,51,11,6,0,2102,3,503,2024-05-06,1.0,1.0,89.0,15.0
2024-04-30,21,0,190,4,6,52,11,6,4,2106,1,497,2024-05-13,24.0,4.0,85.0,18.0
2024-05-01,21,0,190,4,6,52,11,6,3,2106,2,499,2024-05-13,18.0,3.0,67.0,20.0
2024-05-02,21,0,190,4,6,52,11,6,5,2106,2,501,2024-05-13,92.0,7.0,177.0,12.0
2024-05-03,21,0,190,4,6,52,11,6,4,2106,0,501,2024-05-13,18.0,5.0,224.0,18.0
2024-05-04,21,0,190,4,6,52,11,6,0,2106,1,502,2024-05-13,22.0,6.0,11.0,6.0
2024-05-05,21,0,190,4,6,52,11,6,0,2106,0,502,2024-05-13,3.0,3.0,102.0,5.0
2024-05-06,21,0,190,4,6,52,11,6,1,2106,0,502,2024-05-13,24.0,5.0,158.0,17.0
2024-05-07,21,0,193,1,6,55,11,6,0,2117,0,502,2024-05-20,1.0,1.0,159.0,16.0
2024-05-08,21,0,193,1,6,55,11,6,0,2117,0,502,2024-05-20,6.0,4.0,94.0,16.0
2024-05-09,21,0,193,1,6,55,11,6,0,2117,0,502,2024-05-20,7.0,5.0,107.0,11.0
2024-05-10,21,0,193,1,6,55,11,6,0,2117,0,502,2024-05-20,12.0,2.0,59.0,11.0
2024-05-11,21,0,193,1,6,55,11,6,0,2117,0,502,2024-05-20,10.0,4.0,5.0,4.0
2024-05-12,21,0,193,1,6,55,11,6,0,2117,0,502,2024-05-20,6.0,3.0,9.0,4.0
2024-05-13,21,0,193,1,6,55,11,6,9,2117,13,502,2024-05-20,20.0,5.0,460.0,19.0
2024-05-14,21,0,194,1,6,56,11,6,2,2126,9,476,2024-05-27,29.0,8.0,225.0,22.0
2024-05-15,21,0,194,1,6,56,11,6,0,2126,2,478,2024-05-27,9.0,2.0,247.0,20.0
2024-05-16,21,0,194,1,6,56,11,6,0,2126,0,478,2024-05-27,4.0,3.0,33.0,9.0
2024-05-17,21,0,194,1,6,56,11,6,0,2126,2,480,2024-05-27,4.0,3.0,60.0,12.0
2024-05-18,21,0,194,1,6,56,11,6,0,2126,0,480,2024-05-27,9.0,5.0,12.0,4.0
2024-05-19,21,0,194,1,6,56,11,6,0,2126,1,481,2024-05-27,8.0,5.0,23.0,2.0
2024-05-20,21,0,194,1,6,56,11,6,6,2126,0,481,2024-05-27,22.0,5.0,96.0,13.0
2024-05-21,21,0,194,1,6,56,11,6,0,2126,0,499,2024-06-03,1.0,1.0,114.0,14.0
2024-05-22,21,0,194,1,6,56,11,6,2,2126,0,499,2024-06-03,12.0,4.0,78.0,10.0
2024-05-23,21,0,194,1,6,56,11,6,0,2126,24,499,2024-06-03,11.0,6.0,33.0,7.0
2024-05-24,21,0,194,1,6,56,11,6,1,2126,1,500,2024-06-03,28.0,6.0,121.0,10.0
2024-05-25,21,0,194,1,6,56,11,6,0,2126,0,500,2024-06-03,10.0,5.0,2.0,1.0
2024-05-26,21,0,194,1,6,56,11,6,0,2126,1,501,2024-06-03,0.0,0.0,1.0,1.0
2024-05-27,21,0,194,1,6,56,11,6,0,2126,8,509,2024-06-03,6.0,4.0,28.0,8.0
2024-05-28,21,0,195,1,6,60,11,6,0,2128,2,506,2024-06-10,11.0,3.0,60.0,12.0
2024-05-29,21,0,195,1,6,60,11,6,0,2128,0,506,2024-06-10,9.0,5.0,153.0,12.0
2024-05-30,21,0,195,1,6,60,11,6,0,2128,2,508,2024-06-10,3.0,3.0,55.0,12.0
2024-05-31,21,0,195,1,6,60,11,6,0,2128,2,510,2024-06-10,1.0,1.0,13.0,6.0
2024-06-01,21,0,195,1,6,60,11,6,0,2128,2,512,2024-06-10,0.0,0.0,15.0,4.0
2024-06-02,21,0,195,1,6,60,11,6,0,2128,5,517,2024-06-10,4.0,4.0,35.0,3.0
2024-06-03,21,0,195,1,6,60,11,6,0,2128,2,519,2024-06-10,1.0,1.0,42.0,9.0
2024-06-04,21,0,195,1,6,65,11,6,0,2128,2,446,2024-06-17,8.0,3.0,43.0,10.0
2024-06-05,21,0,195,1,6,65,11,6,2,2128,0,446,2024-06-17,13.0,3.0,96.0,20.0
2024-06-06,21,0,195,1,6,65,11,6,0,2128,0,446,2024-06-17,9.0,3.0,39.0,11.0
2024-06-07,21,0,195,1,6,65,11,6,0,2128,1,447,2024-06-17,2.0,2.0,60.0,15.0
2024-06-08,21,0,195,1,6,65,11,6,0,2128,2,449,2024-06-17,1.0,1.0,1.0,1.0
2024-06-09,21,0,195,1,6,65,11,6,0,2128,2,451,2024-06-17,9.0,4.0,5.0,3.0
2024-06-10,21,0,195,1,6,65,11,6,0,2128,1,452,2024-06-17,2.0,2.0,37.0,6.0
2024-06-11,21,0,197,2,7,66,11,6,0,2129,2,431,2024-06-24,7.0,6.0,240.0,24.0
2024-06-12,21,0,197,2,7,66,11,6,0,2129,1,432,2024-06-24,3.0,3.0,67.0,11.0
2024-06-13,21,0,197,2,7,66,11,6,0,2129,8,440,2024-06-24,1.0,1.0,66.0,12.0
2024-06-14,21,0,197,2,7,66,11,6,0,2129,3,443,2024-06-24,1.0,1.0,67.0,13.0
2024-06-15,21,0,197,2,7,66,11,6,0,2129,1,444,2024-06-24,6.0,3.0,19.0,4.0
2024-06-16,21,0,197,2,7,66,11,6,0,2129,2,446,2024-06-24,3.0,2.0,20.0,7.0
2024-06-17,21,0,197,2,7,66,11,6,1,2129,23,469,2024-06-24,52.0,9.0,279.0,23.0
2024-06-18,21,0,199,4,7,67,11,6,0,2130,0,460,2024-07-01,5.0,5.0,69.0,19.0
2024-06-19,21,0,199,4,7,67,11,6,0,2130,0,460,2024-07-01,5.0,5.0,28.0,12.0
2024-06-20,21,0,199,4,7,67,11,6,0,2130,0,460,2024-07-01,4.0,3.0,135.0,19.0
2024-06-21,21,0,199,4,7,67,11,6,0,2130,2,460,2024-07-01,19.0,3.0,102.0,13.0
2024-06-22,21,0,199,4,7,67,11,6,0,2130,2,462,2024-07-01,12.0,5.0,13.0,5.0
2024-06-23,21,0,199,4,7,67,11,6,0,2130,2,464,2024-07-01,101.0,7.0,2.0,1.0
2024-06-24,21,0,199,4,7,67,11,6,0,2130,1,465,2024-07-01,83.0,8.0,235.0,16.0
2024-06-25,21,0,202,2,7,67,11,6,2,2135,4,461,2024-07-08,50.0,3.0,131.0,20.0
2024-06-26,21,0,202,2,7,67,11,6,0,2135,21,482,2024-07-08,67.0,6.0,107.0,17.0
2024-06-27,21,0,202,2,7,67,11,6,0,2135,11,493,2024-07-08,197.0,6.0,603.0,30.0
2024-06-28,21,0,202,2,7,67,11,6,1,2135,0,493,2024-07-08,8.0,3.0,111.0,11.0
2024-06-29,21,0,202,2,7,67,11,6,0,2135,2,495,2024-07-08,0.0,0.0,74.0,7.0
2024-06-30,21,0,202,2,7,67,11,6,0,2135,0,495,2024-07-08,2.0,2.0,45.0,5.0
2024-07-01,21,0,202,2,7,67,11,6,2,2135,2,497,2024-07-08,121.0,7.0,221.0,17.0
2024-07-02,21,1,202,3,7,69,12,6,1,2136,0,502,2024-07-15,19.0,5.0,140.0,11.0
2024-07-03,21,1,202,3,7,69,12,6,0,2136,0,502,2024-07-15,0.0,0.0,150.0,10.0
2024-07-04,21,1,202,3,7,69,12,6,0,2136,0,502,2024-07-15,0.0,0.0,32.0,6.0
2024-07-05,21,1,202,3,7,69,12,6,0,2136,0,502,2024-07-15,0.0,0.0,12.0,6.0
2024-07-06,21,1,202,3,7,69,12,6,0,2136,26,502,2024-07-15,0.0,0.0,2.0,2.0
2024-07-07,21,1,202,3,7,69,12,6,0,2136,1,503,2024-07-15,0.0,0.0,3.0,3.0
2024-07-08,21,1,202,3,7,69,12,6,0,2136,0,503,2024-07-15,9.0,1.0,188.0,13.0
2024-07-09,21,1,203,2,8,72,13,6,0,2137,0,485,2024-07-22,39.0,2.0,76.0,14.0
2024-07-10,21,1,203,2,8,72,13,6,0,2137,1,485,2024-07-22,15.0,1.0,150.0,20.0
2024-07-11,21,1,203,2,8,72,13,6,0,2137,0,485,2024-07-22,17.0,4.0,226.0,9.0
2024-07-12,21,1,203,2,8,72,13,6,1,2137,0,485,2024-07-22,70.0,3.0,91.0,10.0
2024-07-13,21,1,203,2,8,72,13,6,0,2137,1,486,2024-07-22,10.0,5.0,18.0,6.0
2024-07-14,21,1,203,2,8,72,13,6,0,2137,0,486,2024-07-22,4.0,2.0,17.0,4.0
2024-07-15,21,1,203,2,8,72,13,6,0,2137,0,486,2024-07-22,53.0,3.0,115.0,15.0
2024-07-16,21,1,204,1,8,72,12,6,0,2327,1,470,2024-07-29,40.0,4.0,168.0,11.0
2024-07-17,21,1,204,1,8,72,12,6,0,2327,0,470,2024-07-29,35.0,2.0,240.0,24.0
2024-07-18,21,1,204,1,8,72,12,6,1,2327,4,474,2024-07-29,33.0,4.0,91.0,11.0
2024-07-19,21,1,204,1,8,72,12,6,142,2327,1,475,2024-07-29,68.0,4.0,107.0,12.0
2024-07-20,21,1,204,1,8,72,12,6,0,2327,1,476,2024-07-29,23.0,6.0,5.0,3.0
2024-07-21,21,1,204,1,8,72,12,6,0,2327,2,478,2024-07-29,9.0,1.0,13.0,2.0
2024-07-22,21,1,204,1,8,72,12,6,31,2327,3,481,2024-07-29,133.0,9.0,256.0,19.0
2024-07-23,21,1,205,1,8,74,11,6,17,2327,1,446,2024-08-05,135.0,10.0,216.0,12.0
2024-07-24,21,1,205,1,8,74,11,6,0,2327,1,447,2024-08-05,65.0,9.0,92.0,8.0
2024-07-25,21,1,205,1,8,74,11,6,0,2327,2,449,2024-08-05,0.0,0.0,44.0,8.0
2024-07-26,21,1,205,1,8,74,11,6,0,2327,2,451,2024-08-05,10.0,2.0,32.0,8.0
2024-07-27,21,1,205,1,8,74,11,6,0,2327,9,460,2024-08-05,34.0,4.0,16.0,5.0
2024-07-28,21,1,205,1,8,74,11,6,0,2327,0,460,2024-08-05,8.0,3.0,23.0,9.0
2024-07-29,21,1,205,1,8,74,11,6,0,2327,3,463,2024-08-05,37.0,6.0,68.0,12.0
2024-07-30,21,2,205,1,8,75,11,6,0,2327,0,414,2024-08-12,18.0,1.0,100.0,10.0
2024-07-31,21,2,205,1,8,75,11,6,0,2327,4,414,2024-08-12,26.0,3.0,77.0,15.0
2024-08-01,21,2,205,1,8,75,11,6,0,2327,1,415,2024-08-12,77.0,8.0,81.0,18.0
2024-08-02,21,2,205,1,8,75,11,6,0,2327,0,415,2024-08-12,0.0,0.0,67.0,9.0
2024-08-03,21,2,205,1,8,75,11,6,0,2327,0,415,2024-08-12,10.0,2.0,45.0,8.0
2024-08-04,21,2,205,1,8,75,11,6,0,2327,0,415,2024-08-12,12.0,2.0,27.0,11.0
2024-08-05,21,2,205,1,8,75,11,6,0,2327,16,431,2024-08-12,21.0,5.0,81.0,15.0
2024-08-06,21,2,205,1,8,75,11,6,0,2327,1,411,2024-08-19,60.0,5.0,18.0,9.0
2024-08-07,21,2,205,1,8,75,11,6,0,2327,1,412,2024-08-19,69.0,5.0,120.0,15.0
2024-08-08,21,2,205,1,8,75,11,6,0,2327,0,412,2024-08-19,25.0,2.0,79.0,8.0
2024-08-09,21,2,205,1,8,75,11,6,0,2327,1,413,2024-08-19,14.0,3.0,50.0,5.0
2024-08-10,21,2,205,1,8,75,11,6,0,2327,0,413,2024-08-19,0.0,0.0,10.0,3.0
2024-08-11,21,2,205,1,8,75,11,6,0,2327,0,413,2024-08-19,19.0,2.0,30.0,4.0
2024-08-12,21,2,205,1,8,75,11,6,0,2327,2,415,2024-08-19,77.0,5.0,20.0,6.0
2024-08-13,21,2,205,1,8,77,11,6,0,2327,1,394,2024-08-26,0.0,0.0,11.0,6.0
2024-08-14,21,2,205,1,8,77,11,6,0,2327,2,396,2024-08-26,0.0,0.0,6.0,3.0
2024-08-15,21,2,205,1,8,77,11,6,0,2327,4,400,2024-08-26,17.0,4.0,12.0,2.0
2024-08-16,21,2,205,1,8,77,11,6,0,2327,0,400,2024-08-26,41.0,4.0,21.0,8.0
2024-08-17,21,2,205,1,8,77,11,6,0,2327,27,427,2024-08-26,1.0,1.0,29.0,7.0
2024-08-18,21,2,205,1,8,77,11,6,0,2327,0,427,2024-08-26,37.0,2.0,29.0,9.0
2024-08-19,21,2,205,1,8,77,11,6,0,2327,2,429,2024-08-26,17.0,2.0,85.0,11.0
2024-08-20,21,2,205,2,7,77,11,6,0,2327,0,429,2024-09-02,17.0,4.0,125.0,13.0
2024-08-21,21,2,205,2,7,77,11,6,0,2327,0,429,2024-09-02,23.0,2.0,66.0,11.0
2024-08-22,21,2,205,2,7,77,11,6,0,2327,4,429,2024-09-02,57.0,5.0,58.0,10.0
2024-08-23,21,2,205,2,7,77,11,6,0,2327,1,430,2024-09-02,2.0,1.0,44.0,5.0
2024-08-24,21,2,205,2,7,77,11,6,0,2327,52,482,2024-09-02,0.0,0.0,9.0,2.0
2024-08-25,21,2,205,2,7,77,11,6,0,2327,1,483,2024-09-02,0.0,0.0,3.0,2.0
2024-08-26,21,2,205,2,7,77,11,6,0,2327,0,483,2024-09-02,0.0,0.0,18.0,8.0
2024-08-27,21,2,205,2,7,77,11,6,0,2327,2,485,2024-09-09,30.0,1.0,27.0,10.0
2024-08-28,21,2,205,2,7,77,11,6,0,2327,1,486,2024-09-09,27.0,3.0,26.0,13.0
2024-08-29,21,2,205,2,7,77,11,6,0,2327,0,486,2024-09-09,0.0,0.0,59.0,6.0
2024-08-30,21,2,205,2,7,77,11,6,0,2327,12,498,2024-09-09,14.0,1.0,87.0,9.0
2024-08-31,21,2,205,2,7,77,11,6,0,2327,2,500,2024-09-09,30.0,2.0,2.0,1.0
2024-09-01,21,2,205,2,7,77,11,6,0,2327,2,502,2024-09-09,0.0,0.0,0.0,0.0
2024-09-02,21,2,205,2,7,77,11,6,0,2327,0,502,2024-09-09,1.0,1.0,26.0,8.0
2024-09-03,21,2,206,1,7,78,11,6,0,2327,1,501,2024-09-16,0.0,0.0,82.0,15.0
2024-09-04,21,2,206,1,7,78,11,6,0,2327,0,501,2024-09-16,0.0,0.0,2.0,2.0
2024-09-05,21,2,206,1,7,78,11,6,0,2327,2,503,2024-09-16,1.0,1.0,66.0,5.0
2024-09-06,21,2,206,1,7,78,11,6,0,2327,1,504,2024-09-16,3.0,3.0,41.0,7.0
2024-09-07,21,2,206,1,7,78,11,6,0,2327,1,505,2024-09-16,0.0,0.0,12.0,2.0
2024-09-08,21,2,206,1,7,78,11,6,0,2327,0,505,2024-09-16,0.0,0.0,17.0,4.0
2024-09-09,21,2,206,1,7,78,11,6,0,2327,17,522,2024-09-16,9.0,1.0,11.0,7.0
2024-09-10,21,2,206,1,8,78,11,6,0,2327,2,497,2024-09-23,0.0,0.0,18.0,5.0
2024-09-11,21,2,206,1,8,78,11,6,0,2327,35,532,2024-09-23,1.0,1.0,34.0,9.0
2024-09-12,21,2,206,1,8,78,11,6,0,2327,30,562,2024-09-23,30.0,2.0,52.0,12.0
2024-09-13,21,2,206,1,8,78,11,6,0,2327,1,563,2024-09-23,29.0,1.0,31.0,14.0
2024-09-14,21,2,206,1,8,78,11,6,0,2327,14,577,2024-09-23,7.0,4.0,51.0,4.0
2024-09-15,21,2,206,1,8,78,11,6,0,2327,1,578,2024-09-23,11.0,1.0,4.0,4.0
2024-09-16,21,2,206,1,8,78,11,6,0,2327,4,582,2024-09-23,29.0,1.0,16.0,10.0
2024-09-17,21,2,206,2,9,80,11,6,0,2327,0,579,2024-09-30,28.0,1.0,38.0,9.0
2024-09-18,21,2,206,2,9,80,11,6,0,2327,0,579,2024-09-30,0.0,0.0,9.0,6.0
2024-09-19,21,2,206,2,9,80,11,6,0,2327,2,579,2024-09-30,5.0,2.0,91.0,7.0
2024-09-20,21,2,206,2,9,80,11,6,0,2327,2,581,2024-09-30,22.0,2.0,11.0,5.0
2024-09-21,21,2,206,2,9,80,11,6,0,2327,0,581,2024-09-30,39.0,3.0,26.0,5.0
2024-09-22,21,2,206,2,9,80,11,6,0,2327,0,581,2024-09-30,1.0,1.0,20.0,5.0
2024-09-23,21,2,206,2,9,80,11,6,0,2327,1,582,2024-09-30,0.0,0.0,29.0,6.0
2024-09-24,21,2,206,2,9,81,11,6,0,2327,25,605,2024-10-07,,,,
2024-09-25,21,2,206,2,9,81,11,6,0,2327,0,605,2024-10-07,,,,
2024-09-26,21,2,206,2,9,81,11,6,0,2327,25,630,2024-10-07,,,,
2024-09-27,21,2,206,2,9,81,11,6,0,2327,46,676,2024-10-07,,,,
2024-09-28,21,2,206,2,9,81,11,6,0,2327,0,676,2024-10-07,,,,
2024-09-29,21,2,206,2,9,81,11,6,0,2327,5,681,2024-10-07,,,,
2024-09-30,21,2,206,2,9,81,11,6,0,2327,1,682,2024-10-07,,,,
2024-10-01,21,2,206,2,9,81,11,6,0,2327,0,682,2024-10-07,,,,
2024-10-02,21,2,206,2,9,81,11,6,0,2327,0,682,2024-10-07,,,,
2024-10-03,21,2,206,2,9,81,11,6,0,2327,0,682,2024-10-07,,,,
2024-10-04,21,2,206,2,9,81,11,6,0,2327,25,707,2024-10-07,,,,
2024-10-05,21,2,206,2,9,81,11,6,0,2327,35,742,2024-10-07,,,,
2024-10-06,21,2,206,2,9,81,11,6,0,2327,3,745,2024-10-07,,,,
2024-10-07,21,2,206,2,9,81,11,6,0,2327,0,745,2024-10-07,,,,
